id,first_name,last_name,age,email,phone,newsletter,latitude,longitude
1,Walter,Ellis,58,wellis0@parallels.com,86-(823)988-6680,true,33.48756,112.4404
2,Irene,Montgomery,58,imontgomery1@forbes.com,66-(197)722-3920,false,15.89749,105.29318
3,Wayne,Ramirez,20,wramirez2@last.fm,375-(684)766-1893,false,55.9058,28.8135
4,Victor,Mills,57,vmills3@deliciousdays.com,62-(126)868-1826,false,-6.8736,111.9768
5,Phyllis,Adams,36,padams4@cisco.com,33-(216)227-8385,true,45.7797,3.0863
6,Brandon,Reid,53,breid5@fda.gov,86-(296)192-4249,false,33.32806,105.82486
7,Joe,Patterson,37,jpatterson6@netscape.com,62-(169)410-2245,true,-8.6028,121.8186
8,Christina,Taylor,21,ctaylor7@nydailynews.com,251-(211)297-5058,false,10.16658,40.64689
9,John,Rogers,57,jrogers8@blog.com,592-(774)925-1931,false,6.68405,-57.92181
10,Timothy,Webb,44,twebb9@google.es,62-(358)773-2383,false,-8.6335,116.3517
11,Paula,Gordon,50,pgordona@meetup.com,62-(357)232-1877,true,-7.0097,107.0098
12,Jason,Gilbert,58,jgilbertb@example.com,52-(179)169-4154,false,17.9292,-95.6933
13,Sandra,Roberts,36,srobertsc@hp.com,234-(502)103-0184,false,11.01537,6.78036
14,Randy,Gibson,22,rgibsond@rambler.ru,255-(623)897-6721,true,-6.82349,39.26951
15,Sara,Ramos,25,sramose@imdb.com,1-(214)340-4762,true,32.7673,-96.7776
16,Martha,Holmes,23,mholmesf@house.gov,380-(686)570-1111,true,51.34567,32.87794
17,Bruce,Peters,49,bpetersg@myspace.com,7-(461)909-5400,true,56.86018,68.63754
18,Johnny,Harrison,33,jharrisonh@un.org,86-(412)770-9132,false,34.50758,108.07272
19,Joan,Morrison,26,jmorrisoni@51.la,86-(897)857-7757,true,33.9853,105.30962
20,Brandon,Gordon,27,bgordonj@a8.net,260-(192)493-9126,true,-14.78333,24.8
21,Earl,Day,35,edayk@hc360.com,58-(546)187-7670,true,10.61119,-66.85215
22,Tammy,Diaz,40,tdiazl@lycos.com,86-(100)645-2490,false,32.08861,120.83558
23,Peter,Reed,34,preedm@scientificamerican.com,381-(498)456-8638,true,45.27278,20.375
24,Justin,Freeman,46,jfreemann@msn.com,84-(405)197-1083,true,10.26478,105.26676
25,Carl,Frazier,55,cfraziero@yahoo.co.jp,62-(300)560-9987,false,-8.5432,115.1708
26,Jerry,Cunningham,42,jcunninghamp@ovh.net,51-(196)695-8944,false,-12.93111,-75.77861
27,Thomas,Fuller,53,tfullerq@arizona.edu,86-(532)658-7345,false,24.96167,103.03361
28,Roger,Day,38,rdayr@sciencedirect.com,86-(243)920-4560,true,46.47198,126.05248
29,Larry,Banks,45,lbankss@about.me,63-(907)830-9299,true,14.75,121.93333
30,Debra,Williams,28,dwilliamst@reuters.com,383-(319)826-0033,false,42.31833,20.81861
31,Joe,Crawford,50,jcrawfordu@weebly.com,381-(199)576-4227,false,45.67111,18.98472
32,Dorothy,Diaz,23,ddiazv@aboutads.info,86-(932)829-6992,false,26.6668,105.768
33,Harold,Hill,20,hhillw@acquirethisname.com,57-(786)448-3349,true,8.81136,-74.72084
34,Wanda,Bowman,59,wbowmanx@ihg.com,66-(385)580-8938,false,14.52541,102.24591
35,Joshua,Wood,28,jwoody@360.cn,86-(551)334-3244,true,31.48542,120.49199
36,Michelle,Alvarez,40,malvarezz@ftc.gov,63-(207)198-5426,true,15.3652,119.9582
37,Arthur,Ramos,21,aramos10@npr.org,1-(757)371-8385,true,36.8282,-76.0237
38,Bonnie,Watkins,58,bwatkins11@devhub.com,1-(501)236-2586,false,34.8337,-92.3289
39,Philip,Morgan,50,pmorgan12@wikispaces.com,49-(710)135-3369,false,50.1426,8.693
40,Carl,Chapman,54,cchapman13@nasa.gov,66-(999)697-5226,false,19.19203,99.87883
41,Ronald,Hicks,26,rhicks14@hibu.com,7-(173)447-1203,false,54.70375,99.63042
42,Henry,Bailey,37,hbailey15@uiuc.edu,62-(956)676-7959,true,-9.64,119.1631
43,Frances,Simpson,53,fsimpson16@ucoz.ru,81-(505)349-3306,false,35.98106,136.48727
44,Aaron,Sanchez,55,asanchez17@nytimes.com,86-(609)781-9548,false,33.06917,105.76389
45,Phillip,Knight,23,pknight18@wunderground.com,30-(887)218-9551,true,40.78373,22.088
46,Jason,Allen,22,jallen19@amazonaws.com,33-(626)202-7305,true,44.1,3.0833
47,Stephen,Larson,50,slarson1a@themeforest.net,351-(756)693-7698,true,41.9767,-8.4833
48,Thomas,Stevens,54,tstevens1b@linkedin.com,234-(756)783-2153,false,7.66676,5.13205
49,Doris,Wood,55,dwood1c@ifeng.com,62-(203)541-7918,true,-7.4536,108.6423
50,Chris,Armstrong,30,carmstrong1d@opera.com,62-(979)210-7630,false,5.3742,95.8445
51,Raymond,Richards,50,rrichards1e@marriott.com,86-(807)867-0439,true,30.29402,108.03296
52,Carolyn,Matthews,38,cmatthews1f@squidoo.com,86-(627)620-5798,true,25.59194,117.50583
53,Laura,Black,23,lblack1g@phoca.cz,86-(604)757-7886,false,30.42682,118.84631
54,Janet,Gibson,24,jgibson1h@umich.edu,86-(966)727-4715,false,27.12578,116.56666
55,Sandra,Cruz,39,scruz1i@fotki.com,33-(322)169-5494,true,49.4431,1.0993
56,Beverly,Berry,34,bberry1j@reverbnation.com,30-(613)257-3001,true,38.11977,23.86428
57,Shawn,Roberts,48,sroberts1k@cargocollective.com,57-(403)398-2976,false,5.71434,-72.93391
58,Gloria,Hall,46,ghall1l@cbslocal.com,7-(882)149-6126,false,53.81111,60.65333
59,Julia,Tucker,46,jtucker1m@bbb.org,386-(479)523-7922,true,46.39278,15.57444
60,Ruby,Gordon,57,rgordon1n@newyorker.com,86-(702)462-0911,true,28.9179,107.89711
61,Eugene,Carter,31,ecarter1o@ycombinator.com,86-(203)273-9170,true,37.11733,122.30812
62,Martin,Kim,38,mkim1p@slashdot.org,84-(562)576-7697,true,12.69203,109.22069
63,Steven,Powell,42,spowell1q@digg.com,86-(459)415-4396,false,44.34395,129.46556
64,Daniel,Cunningham,28,dcunningham1r@cpanel.net,48-(384)275-1201,true,49.80542,21.03599
65,Helen,Shaw,30,hshaw1s@sfgate.com,86-(718)283-0027,true,33.6806,105.56156
66,Carlos,Hernandez,56,chernandez1t@weather.com,7-(702)167-4826,false,58.0607,37.12032
67,Mildred,Mccoy,49,mmccoy1u@guardian.co.uk,54-(735)106-5439,true,-24.21804,-66.31877
68,Bobby,Dixon,26,bdixon1v@shinystat.com,86-(303)560-3783,false,44.58333,129.6
69,Fred,Allen,22,fallen1w@sciencedaily.com,380-(995)983-1730,false,46.11667,32.28333
70,Annie,Jackson,58,ajackson1x@biblegateway.com,62-(238)110-3108,true,-6.9562,111.907
71,Donna,Reynolds,41,dreynolds1y@nationalgeographic.com,51-(239)603-7478,false,-11.95671,-75.25685
72,Evelyn,Phillips,49,ephillips1z@webmd.com,92-(884)714-8602,false,24.3539,68.26706
73,Mildred,Gilbert,30,mgilbert20@is.gd,39-(347)747-4701,true,41.8947,12.4839
74,Dorothy,Ramos,28,dramos21@theglobeandmail.com,57-(792)258-1468,false,4.96417,-73.4875
75,Jack,Kennedy,48,jkennedy22@miitbeian.gov.cn,86-(867)515-4547,true,29.32428,115.75258
76,Matthew,Taylor,48,mtaylor23@imageshack.us,7-(454)873-3981,false,50.2035,38.1067
77,Robin,Evans,28,revans24@webs.com,62-(944)351-1225,false,-8.3501,118.7822
78,Margaret,Romero,22,mromero25@ucoz.com,63-(581)816-7502,false,10.15209,124.25857
79,Gregory,Little,50,glittle26@live.com,54-(935)707-5927,true,-31.89618,-61.85984
80,Frank,Wallace,58,fwallace27@harvard.edu,81-(698)211-3017,true,35.88333,140.5
81,Paul,Carpenter,24,pcarpenter28@usnews.com,86-(523)673-9424,false,23.05116,112.45972
82,Susan,Carr,33,scarr29@timesonline.co.uk,86-(696)218-6431,true,23.71618,112.06936
83,Anthony,Fields,35,afields2a@studiopress.com,260-(772)148-8865,true,-17.84194,25.85425
84,Kelly,Howard,24,khoward2b@harvard.edu,7-(631)988-2592,false,59.3347,57.2592
85,Scott,Wilson,38,swilson2c@jigsy.com,86-(412)396-3886,true,30.76136,119.78847
86,Jean,Russell,24,jrussell2d@usatoday.com,48-(362)945-7851,false,50.17242,19.52953
87,Martin,Spencer,57,mspencer2e@uiuc.edu,86-(103)116-6637,false,29.73349,94.72614
88,George,Wright,47,gwright2f@pcworld.com,381-(217)717-9516,true,45.92034,18.92944
89,Barbara,Fields,40,bfields2g@netlog.com,1-(515)726-8924,false,46.20006,-72.13239
90,Carlos,Lawrence,34,clawrence2h@lycos.com,261-(573)122-4142,false,-25.3,45.48333
91,Bobby,Hayes,32,bhayes2i@wp.com,20-(500)398-9891,true,30.35394,31.20071
92,Lois,Hanson,23,lhanson2j@wp.com,7-(859)625-5249,false,55.67832,40.21692
93,John,Hart,40,jhart2k@pagesperso-orange.fr,86-(882)565-4678,false,36.08889,111.51889
94,Janice,Woods,51,jwoods2l@nih.gov,249-(410)752-7473,false,6.80619,29.67742
95,Lillian,Kelly,28,lkelly2m@webmd.com,386-(874)790-5773,true,46.52019,15.88657
96,Robin,Sanchez,31,rsanchez2n@bandcamp.com,7-(499)297-6058,false,56.31556,48.25306
97,Joan,Payne,30,jpayne2o@dmoz.org,254-(718)458-9209,true,3.5216,39.05472
98,Matthew,Murray,51,mmurray2p@oaic.gov.au,62-(622)725-2203,false,-7.0537,113.94244
99,Clarence,Martinez,29,cmartinez2q@slashdot.org,351-(513)825-8128,true,38.5667,-8.8833
100,Amy,Mccoy,23,amccoy2r@umn.edu,63-(161)361-4130,false,14.19607,121.13696
101,Jason,Johnson,48,jjohnson2s@umn.edu,7-(145)941-7015,true,58.32889,44.76406
102,Daniel,Howard,57,dhoward2t@mac.com,86-(123)939-6365,true,33.89284,108.01043
103,Michael,Lynch,56,mlynch2u@dot.gov,86-(170)862-7618,true,28.84061,112.37399
104,Patricia,Daniels,36,pdaniels2v@prweb.com,505-(854)641-4292,true,13.73321,-84.77725
105,Julia,Stanley,23,jstanley2w@ow.ly,7-(316)493-0888,true,58.73831,49.45822
106,Christopher,Cooper,37,ccooper2x@whitehouse.gov,385-(214)798-1409,false,45.81313,15.97753
107,Roy,Lawson,34,rlawson2y@wikia.com,62-(683)817-8245,true,-7.3152,106.6195
108,Deborah,Parker,55,dparker2z@yellowbook.com,63-(950)283-7063,false,8.91861,126.30111
109,Alice,Bailey,56,abailey30@webs.com,48-(985)796-0119,true,50.62518,19.36357
110,Marie,Stevens,48,mstevens31@bloomberg.com,976-(710)550-1807,false,49.71667,93.26667
111,Annie,Hart,21,ahart32@google.es,54-(809)616-5628,true,-42.7692,-65.03851
112,Randy,Burns,28,rburns33@mashable.com,62-(399)718-3617,true,-0.6868,103.1841
113,Kimberly,George,22,kgeorge34@macromedia.com,48-(914)631-2535,true,51.63954,14.99874
114,Edward,Mendoza,36,emendoza35@seattletimes.com,351-(959)869-1127,true,41.6022,-8.3303
115,Andrea,Freeman,53,afreeman36@so-net.ne.jp,33-(844)107-0436,false,49.0254,2.2169
116,Juan,Arnold,59,jarnold37@fc2.com,55-(753)302-4685,true,-22.995,-47.50778
117,Robert,Reid,20,rreid38@slideshare.net,33-(832)867-0247,true,43.2969,5.3811
118,Jason,Wagner,51,jwagner39@wikispaces.com,7-(530)947-5317,false,45.25201,77.98007
119,Rebecca,Robertson,50,rrobertson3a@mashable.com,66-(264)905-4860,false,19.15029,101.1556
120,Gerald,Boyd,53,gboyd3b@seesaa.net,52-(700)298-7018,true,18.7506,-99.2558
121,Jerry,Murphy,55,jmurphy3c@twitter.com,53-(589)302-8555,false,21.94694,-78.42833
122,Michael,Ross,33,mross3d@posterous.com,46-(942)452-0188,false,60.1353,13.0082
123,Walter,Anderson,32,wanderson3e@angelfire.com,86-(311)834-3130,true,20.02627,110.57754
124,Joshua,Crawford,26,jcrawford3f@whitehouse.gov,62-(552)362-3738,false,-8.4371,124.5441
125,Ann,Rice,39,arice3g@bigcartel.com,977-(420)261-7843,false,28.26689,83.96851
126,Todd,Hall,57,thall3h@yolasite.com,62-(817)119-0397,false,-7.3716,108.1949
127,Denise,Lawrence,46,dlawrence3i@wikipedia.org,86-(134)296-8852,false,38.09919,114.03858
128,Rose,Hanson,41,rhanson3j@eepurl.com,62-(327)558-0161,true,-10.8593,122.9843
129,Robert,Ramos,43,rramos3k@desdev.cn,63-(598)594-0909,false,15.19334,120.67314
130,Marilyn,Walker,21,mwalker3l@skyrock.com,380-(876)234-9383,false,50.41661,31.46261
131,Willie,Andrews,26,wandrews3m@taobao.com,57-(500)888-9403,false,6.18461,-75.59913
132,Melissa,Martinez,47,mmartinez3n@sbwire.com,7-(180)119-6880,true,44.4258,39.5362
133,Amanda,Walker,55,awalker3o@msn.com,33-(269)860-4560,true,50.633,3.0586
134,Ryan,Patterson,52,rpatterson3p@over-blog.com,86-(153)973-5388,true,29.87056,118.29528
135,George,Hill,44,ghill3q@google.co.uk,86-(636)926-7140,true,33.48917,109.10528
136,Johnny,Banks,27,jbanks3r@ca.gov,1-(447)258-1972,false,19.59202,-70.65256
137,Paul,Walker,40,pwalker3s@timesonline.co.uk,62-(329)391-1544,false,-9.7138,120.0297
138,Emily,Wells,39,ewells3t@indiegogo.com,66-(271)948-3651,true,16.19648,102.75959
139,Gloria,Rivera,47,grivera3u@mapy.cz,7-(626)749-4227,true,52.01577,85.90963
140,Joan,Austin,36,jaustin3v@posterous.com,963-(808)693-3170,false,33.57175,36.4027
141,Terry,Williams,52,twilliams3w@skype.com,258-(146)630-8339,true,-19.11639,33.48333
142,Judith,Cruz,44,jcruz3x@springer.com,1-(203)780-5372,true,41.0888,-73.5435
143,Jimmy,Williams,57,jwilliams3y@ucsd.edu,1-(203)911-7320,true,41.3087,-72.9271
144,Kathleen,Watkins,24,kwatkins3z@topsy.com,7-(326)257-0518,true,54.58508,73.6395
145,Russell,Stanley,36,rstanley40@howstuffworks.com,375-(478)620-5343,true,54.0114,27.2695
146,Steven,Morales,46,smorales41@psu.edu,86-(627)309-4104,true,30.78196,120.004
147,Peter,Arnold,59,parnold42@usda.gov,48-(554)948-9263,true,51.96463,19.71565
148,Judith,Harrison,23,jharrison43@slideshare.net,62-(916)250-8910,false,-7.52833,107.80652
149,Martha,Hayes,39,mhayes44@omniture.com,1-(562)805-4352,true,33.9413,-118.0356
150,Mary,Foster,21,mfoster45@g.co,505-(702)845-9276,false,11.68758,-84.45616
151,Amy,Jenkins,52,ajenkins46@flickr.com,7-(292)310-5166,false,57.70757,27.86291
152,Paula,Reid,35,preid47@1688.com,63-(282)293-9368,true,9.741,123.5098
153,Diane,Vasquez,25,dvasquez48@geocities.com,62-(287)723-7077,false,-8.2437,112.1287
154,Richard,Henderson,40,rhenderson49@patch.com,689-(865)931-8614,true,-23.12028,-134.96917
155,Virginia,Phillips,38,vphillips4a@amazon.com,86-(359)597-3161,false,33.54242,106.91994
156,James,Boyd,37,jboyd4b@usnews.com,86-(757)746-0369,false,18.6697,108.72637
157,Victor,Elliott,52,velliott4c@deviantart.com,86-(158)585-1588,true,29.88931,106.70622
158,Lawrence,Gilbert,43,lgilbert4d@twitpic.com,20-(991)624-9605,true,26.99257,31.41554
159,Susan,James,27,sjames4e@bravesites.com,63-(659)300-9934,true,11.01722,124.52833
160,Wanda,Burns,57,wburns4f@tiny.cc,7-(767)188-3708,true,56.36386,41.08655
161,Ruth,Sullivan,52,rsullivan4g@reverbnation.com,967-(728)751-5320,true,17.29788,43.38718
162,Ann,Lopez,56,alopez4h@google.co.uk,86-(830)482-2953,false,39.0125,112.87222
163,Phyllis,Nelson,20,pnelson4i@buzzfeed.com,33-(362)436-6991,true,48.5834,7.743
164,Johnny,Ross,36,jross4j@slideshare.net,420-(525)693-2490,false,49.35522,16.01224
165,Brian,Reid,23,breid4k@ft.com,374-(975)368-3932,true,40.16505,44.36328
166,Phillip,Fowler,56,pfowler4l@free.fr,386-(726)544-7494,false,45.89444,13.63222
167,Jeffrey,Parker,59,jparker4m@upenn.edu,54-(293)477-8104,true,-28.48752,-59.35515
168,Shirley,Boyd,42,sboyd4n@youku.com,62-(819)329-3204,true,3.9288,96.68902
169,Barbara,Gonzalez,27,bgonzalez4o@technorati.com,351-(934)121-6704,false,41.4417,-8.75
170,Philip,Hansen,26,phansen4p@php.net,974-(393)390-2917,true,25.36861,51.22639
171,Raymond,Lopez,33,rlopez4q@tamu.edu,269-(371)331-8023,false,-11.65972,43.26139
172,Billy,Rodriguez,54,brodriguez4r@irs.gov,86-(886)596-0743,true,41.44587,113.30316
173,Steven,Carter,59,scarter4s@china.com.cn,55-(602)588-3891,true,-13.64306,-41.84056
174,Howard,Greene,41,hgreene4t@nymag.com,48-(284)145-9487,true,53.84214,14.61465
175,Jason,Bailey,25,jbailey4u@google.com,33-(671)787-0165,false,48.8817,2.3822
176,Michelle,Howell,45,mhowell4v@eventbrite.com,233-(691)938-8293,false,5.53449,-0.41679
177,Robert,Sanders,55,rsanders4w@goo.gl,7-(483)313-1228,false,65.50331,-171.70396
178,Louise,Woods,21,lwoods4x@myspace.com,86-(324)983-2166,false,24.71958,118.47079
179,Brandon,Reynolds,40,breynolds4y@facebook.com,351-(586)365-3192,true,39.85,-8.35
180,Lawrence,Thompson,45,lthompson4z@hubpages.com,963-(835)774-2066,false,32.39332,36.65067
181,Anne,Williamson,27,awilliamson50@dedecms.com,7-(531)713-6719,false,61.6656,40.2013
182,Gary,Evans,34,gevans51@cafepress.com,66-(563)622-0605,false,16.49333,102.43339
183,Kimberly,Evans,57,kevans52@accuweather.com,86-(936)447-3020,true,30.77619,113.38491
184,Christina,James,24,cjames53@utexas.edu,63-(417)935-2858,false,11.2774,124.0306
185,Nancy,Robertson,55,nrobertson54@hexun.com,33-(326)898-5406,false,43.2969,5.3811
186,Philip,Diaz,35,pdiaz55@multiply.com,375-(988)903-4305,false,52.1323,29.3257
187,Amanda,Gonzalez,22,agonzalez56@uol.com.br,57-(803)881-1563,false,7.37599,-73.91963
188,Paula,Johnson,24,pjohnson57@facebook.com,86-(569)797-1061,false,29.03109,109.09221
189,Edward,Foster,50,efoster58@google.com.hk,1-(212)801-7975,true,40.7808,-73.9772
190,Robert,Wagner,33,rwagner59@kickstarter.com,225-(804)216-0392,true,5.2118,-3.73884
191,Heather,Gutierrez,47,hgutierrez5a@cbslocal.com,234-(779)685-4018,false,10.38522,11.69678
192,Larry,Sanchez,23,lsanchez5b@ebay.com,212-(861)712-1327,true,34.36679,-1.83705
193,Bruce,Turner,55,bturner5c@telegraph.co.uk,55-(147)656-6007,false,-26.91944,-49.06611
194,Gregory,Ruiz,39,gruiz5d@ovh.net,593-(259)688-7506,false,-1.39699,-78.42289
195,Lisa,Alvarez,57,lalvarez5e@123-reg.co.uk,49-(655)351-3357,false,51.4784,6.7334
196,Andrew,Kim,59,akim5f@cafepress.com,62-(332)281-9188,true,-9.568,124.495
197,Gerald,Gordon,27,ggordon5g@gravatar.com,269-(980)702-5590,true,-11.39157,43.39454
198,Willie,Kennedy,48,wkennedy5h@tripadvisor.com,255-(469)600-3095,true,-10.75,39.63333
199,Clarence,Foster,34,cfoster5i@list-manage.com,86-(283)830-4442,true,36.88135,107.25783
200,Denise,Gonzales,43,dgonzales5j@buzzfeed.com,86-(903)671-3125,false,23.11037,113.4418
201,Sara,Thompson,56,sthompson5k@house.gov,1-(763)842-2303,true,45.04,-93.4865
202,Raymond,Cooper,45,rcooper5l@google.co.uk,86-(944)930-1220,false,47.80168,125.66246
203,Joyce,Weaver,58,jweaver5m@dion.ne.jp,504-(844)550-6059,true,14.87649,-88.07473
204,Todd,Taylor,37,ttaylor5n@networkadvertising.org,351-(928)102-0317,false,78.78412,32.74965
205,Evelyn,West,29,ewest5o@yale.edu,86-(271)179-3933,true,22.63636,114.04989
206,Joshua,Bowman,54,jbowman5p@blogtalkradio.com,381-(494)133-3176,true,44.58772,19.40967
207,Eric,Mills,60,emills5q@hhs.gov,86-(968)362-5956,false,39.83574,116.39942
208,Roger,Day,25,rday5r@craigslist.org,66-(325)868-7500,true,14.26238,101.07111
209,Janice,Fernandez,37,jfernandez5s@microsoft.com,221-(268)153-2866,true,14.13333,-16.46667
210,Chris,Stevens,33,cstevens5t@alexa.com,351-(645)929-3768,true,39.3667,-9.35
211,Marie,Murphy,22,mmurphy5u@yandex.ru,966-(863)763-5279,true,18.3,42.73333
212,Joan,Lynch,35,jlynch5v@xing.com,86-(785)199-2453,true,25.43238,118.1017
213,Wanda,Cooper,43,wcooper5w@blogspot.com,86-(139)348-0527,true,41.29862,112.71516
214,Samuel,Ruiz,44,sruiz5x@home.pl,61-(827)988-3015,true,-31.9522,115.8614
215,Denise,Rogers,26,drogers5y@skype.com,375-(481)671-4398,true,52.7267,27.4606
216,Cynthia,Green,34,cgreen5z@statcounter.com,86-(194)497-9258,false,33.33324,113.52971
217,Howard,Castillo,47,hcastillo60@nasa.gov,33-(865)330-2987,false,48.892,2.2067
218,Jeffrey,Carter,28,jcarter61@merriam-webster.com,51-(597)681-8447,false,-15.56277,-71.30312
219,Phyllis,Arnold,44,parnold62@usa.gov,7-(256)176-5889,true,42.16297,47.63068
220,Fred,Carr,57,fcarr63@cdbaby.com,86-(629)971-2164,true,28.1538,104.09836
221,Jessica,Watkins,36,jwatkins64@abc.net.au,84-(858)806-2178,false,19.66327,105.42854
222,Frances,Foster,20,ffoster65@businesswire.com,63-(997)261-8868,true,11.4943,122.6314
223,Jeffrey,Young,54,jyoung66@nsw.gov.au,351-(732)497-4021,true,41.3983,-7.8572
224,Joshua,Rivera,21,jrivera67@stanford.edu,60-(970)224-5532,false,3.1071,101.6083
225,Ruby,Harris,39,rharris68@phoca.cz,52-(639)173-5508,true,19.8539,-103.9319
226,Ernest,Richardson,28,erichardson69@posterous.com,62-(559)605-2925,false,-8.5106,121.2793
227,Marilyn,Wilson,24,mwilson6a@bloomberg.com,66-(769)377-0272,false,14.56739,100.72598
228,Robert,Stewart,39,rstewart6b@wisc.edu,30-(458)428-9349,false,40.692,22.10099
229,Kevin,Kelley,55,kkelley6c@yolasite.com,880-(768)316-6533,true,23.40964,89.13801
230,John,Williams,26,jwilliams6d@trellian.com,250-(964)626-3644,true,-2.479,29.5564
231,Steve,Matthews,24,smatthews6e@yahoo.com,46-(546)281-4536,true,61.3482,16.3946
232,Jimmy,Burton,52,jburton6f@wikispaces.com,66-(950)803-8623,false,13.17372,100.93111
233,Jason,Thomas,41,jthomas6g@cornell.edu,1-(110)364-5384,false,42.98339,-81.06643
234,Andrea,Larson,52,alarson6h@stumbleupon.com,95-(890)632-3819,true,17.33521,96.48135
235,Craig,Hawkins,55,chawkins6i@friendfeed.com,355-(143)453-6811,true,41.34556,19.56722
236,Emily,Wilson,46,ewilson6j@comsenz.com,1-(786)929-0882,true,25.5593,-80.3483
237,Shirley,Wilson,38,swilson6k@macromedia.com,675-(877)337-7446,false,-5.9022,142.93511
238,Donald,Jordan,46,djordan6l@upenn.edu,1-(214)930-4653,false,32.7673,-96.7776
239,Adam,Oliver,44,aoliver6m@flavors.me,63-(107)616-0155,false,10.16018,124.31098
240,Willie,Fuller,20,wfuller6n@tumblr.com,351-(455)659-6261,true,38.65,-9.0333
241,Clarence,King,46,cking6o@360.cn,62-(599)938-6276,false,-7.3545,108.1102
242,Martha,Brown,26,mbrown6p@cnn.com,30-(110)249-0894,false,38.01333,24.41611
243,Diane,Williams,40,dwilliams6q@sciencedirect.com,1-(816)956-8946,true,39.3432,-94.8516
244,Diana,Gibson,44,dgibson6r@devhub.com,420-(495)233-5084,false,49.71498,12.98232
245,Roger,Austin,52,raustin6s@economist.com,86-(352)243-1734,true,31.27278,92.28845
246,Emily,Schmidt,27,eschmidt6t@hc360.com,961-(999)875-0394,true,33.55993,35.37564
247,Pamela,Wilson,21,pwilson6u@ask.com,49-(657)857-0428,true,51.05,13.75
248,Wanda,Banks,45,wbanks6v@usda.gov,33-(533)228-4720,false,48.5571,2.5284
249,Craig,Kim,34,ckim6w@dedecms.com,62-(121)775-9550,true,-7.2519,107.164
250,Dennis,Stephens,35,dstephens6x@about.com,62-(715)346-3528,false,-6.9174,112.9614
251,Lawrence,Mitchell,39,lmitchell6y@nature.com,86-(335)226-5192,false,40.17984,112.88662
252,Willie,Stanley,21,wstanley6z@geocities.jp,237-(606)426-5495,true,5.62611,10.2542
253,Michelle,Wagner,38,mwagner70@sun.com,33-(499)480-0513,false,48.8637,2.2769
254,Matthew,Vasquez,37,mvasquez71@cocolog-nifty.com,86-(317)576-3914,true,29.37585,112.09168
255,Robert,Reynolds,33,rreynolds72@indiegogo.com,62-(103)920-3538,false,-0.89477,110.50382
256,Ruby,Lewis,50,rlewis73@arizona.edu,353-(838)846-8196,false,53.25139,-6.59167
257,Earl,Arnold,35,earnold74@facebook.com,54-(348)198-9019,false,-31.43722,-68.52556
258,Mark,Campbell,51,mcampbell75@java.com,62-(316)677-7607,true,-7.4204,108.2835
259,Betty,Burke,24,bburke76@cbc.ca,222-(756)116-9548,true,16.14653,-13.50474
260,Ruth,Johnston,50,rjohnston77@angelfire.com,86-(550)518-4624,false,23.05053,112.51501
261,Joan,Wallace,44,jwallace78@bloomberg.com,1-(253)992-0406,true,47.1441,-122.4434
262,Sara,Murray,53,smurray79@toplist.cz,48-(327)175-3022,false,52.89943,18.14564
263,Shirley,Webb,42,swebb7a@bing.com,55-(290)791-2792,true,-18.64722,-48.18722
264,Nancy,Gonzales,58,ngonzales7b@linkedin.com,86-(236)991-1945,true,27.76149,116.50958
265,William,Wheeler,31,wwheeler7c@independent.co.uk,62-(615)443-3727,true,-8.281,112.4733
266,Billy,Turner,42,bturner7d@so-net.ne.jp,86-(906)381-4540,true,29.15308,121.90309
267,Richard,Warren,57,rwarren7e@prnewswire.com,44-(498)789-8559,true,51.4069,-2.5558
268,Jean,Austin,37,jaustin7f@booking.com,20-(853)298-3322,true,29.14816,31.12733
269,Frances,Russell,21,frussell7g@businesswire.com,372-(517)245-7896,false,58.99778,22.74917
270,Fred,Bailey,58,fbailey7h@livejournal.com,249-(149)317-7475,true,6.20593,31.55633
271,Lisa,Lewis,39,llewis7i@prweb.com,20-(169)188-2608,true,26.47686,31.8035
272,Gerald,Barnes,60,gbarnes7j@creativecommons.org,48-(698)380-6261,false,52.7657,20.54315
273,Benjamin,Hudson,54,bhudson7k@w3.org,63-(432)487-9460,true,6.89814,126.00961
274,Fred,Jordan,59,fjordan7l@cdbaby.com,86-(448)725-5266,false,28.75158,114.96143
275,Susan,Lawson,37,slawson7m@google.ca,1-(605)423-4925,false,43.524,-96.7341
276,Teresa,Smith,28,tsmith7n@blogs.com,47-(525)864-1217,false,59.5594,9.2585
277,David,Hill,20,dhill7o@moonfruit.com,1-(504)207-2123,true,18.90919,-70.74499
278,Gary,Ruiz,58,gruiz7p@ucoz.com,351-(727)282-4795,true,41.1778,-8.4889
279,Anna,Holmes,44,aholmes7q@soundcloud.com,1-(586)618-3421,true,42.3809,-83.0409
280,Phillip,Hansen,53,phansen7r@illinois.edu,420-(714)188-0121,false,49.01018,17.12253
281,Judy,Armstrong,60,jarmstrong7s@cdbaby.com,49-(133)178-3837,false,51.4209,6.9708
282,Irene,Castillo,32,icastillo7t@uiuc.edu,33-(385)607-1177,false,49.3569,2.788
283,Aaron,Miller,41,amiller7u@youtube.com,46-(824)835-0014,true,59.237,17.9819
284,Ruth,Kelley,50,rkelley7v@slate.com,86-(153)145-4970,false,31.22238,108.79377
285,Michael,Marshall,50,mmarshall7w@stanford.edu,62-(829)142-2113,true,-6.9973,113.2809
286,Evelyn,Butler,35,ebutler7x@trellian.com,502-(445)941-5655,true,14.45,-91.41667
287,Jennifer,Jackson,26,jjackson7y@ox.ac.uk,967-(520)876-0779,false,15.61576,43.70228
288,Brenda,Chapman,48,bchapman7z@umich.edu,505-(756)171-7261,false,11.92988,-85.95602
289,Jesse,Burns,46,jburns80@godaddy.com,62-(291)216-8393,true,0.8755,124.0098
290,Wanda,Arnold,55,warnold81@opera.com,7-(248)908-6490,false,53.73772,78.04026
291,Adam,Harper,43,aharper82@woothemes.com,81-(229)121-4984,true,35.48333,139.45
292,Paul,Rogers,60,progers83@arstechnica.com,370-(629)304-4809,true,55.73333,24.35
293,Matthew,Cunningham,34,mcunningham84@altervista.org,372-(355)632-2941,false,58.84861,26.93972
294,Judy,Armstrong,23,jarmstrong85@who.int,36-(430)747-0138,true,46.9833,18.9333
295,Jerry,Fernandez,47,jfernandez86@canalblog.com,62-(303)469-8637,false,-7.0541,113.7081
296,Louis,Wallace,39,lwallace87@census.gov,1-(945)781-4284,true,46.05009,-74.28252
297,Susan,Porter,24,sporter88@geocities.com,507-(178)195-9466,false,8.42729,-82.43085
298,Cheryl,Peterson,23,cpeterson89@angelfire.com,33-(265)394-6459,true,43.6111,1.4994
299,Andrea,Mccoy,20,amccoy8a@illinois.edu,359-(969)380-5362,false,43.88778,22.52139
300,Gloria,Hansen,26,ghansen8b@live.com,55-(822)690-5777,false,-3.92806,-41.70917
301,Roger,Bell,25,rbell8c@ed.gov,33-(832)912-0815,true,44.948,4.8463
302,Karen,Dixon,54,kdixon8d@squidoo.com,382-(631)666-7004,true,42.09306,19.10028
303,Howard,Harper,32,hharper8e@abc.net.au,7-(129)302-0488,true,52.5798,33.7644
304,Ruby,Hill,51,rhill8f@smh.com.au,7-(445)665-0387,true,45.45078,41.03866
305,Anna,Adams,55,aadams8g@washington.edu,387-(429)380-3123,false,44.48677,17.82278
306,Deborah,Duncan,21,dduncan8h@archive.org,62-(891)960-6611,true,-7.15908,113.51864
307,Dorothy,Garcia,59,dgarcia8i@mit.edu,86-(255)709-2272,true,26.63361,110.9
308,Catherine,Gutierrez,30,cgutierrez8j@delicious.com,66-(139)231-7689,true,13.62,99.59169
309,Annie,Brooks,20,abrooks8k@spiegel.de,62-(733)525-2741,true,-6.4347,106.0015
310,Jonathan,Johnston,22,jjohnston8l@icio.us,57-(646)917-2863,true,4.95167,-75.95722
311,Deborah,Smith,60,dsmith8m@washington.edu,371-(934)446-7839,false,57.42444,25.90164
312,Larry,Cooper,57,lcooper8n@aboutads.info,1-(863)949-7909,true,28.072,-81.9609
313,Lisa,Morales,27,lmorales8o@wp.com,351-(988)778-6232,false,41.2667,-8.3625
314,Mark,White,21,mwhite8p@booking.com,62-(689)488-2779,true,-6.6641,111.5655
315,Joyce,Hall,26,jhall8q@umich.edu,57-(596)584-6700,true,2.9273,-75.28188
316,Terry,Ross,37,tross8r@ted.com,230-(449)119-2128,false,-20.27417,57.36306
317,Carol,Gilbert,27,cgilbert8s@cocolog-nifty.com,509-(554)424-1240,false,18.83104,-72.86077
318,Adam,Ortiz,58,aortiz8t@ow.ly,33-(300)703-8962,false,45.7025,4.8715
319,Matthew,Webb,26,mwebb8u@feedburner.com,93-(189)968-5081,false,32.7587,61.65397
320,Juan,Nichols,28,jnichols8v@usda.gov,351-(567)575-0028,true,41.6333,-7.4143
321,Norma,Lawrence,34,nlawrence8w@nydailynews.com,33-(726)337-7521,true,47.3167,5.1167
322,Marie,Bradley,27,mbradley8x@amazon.co.jp,381-(486)374-4883,false,44.9842,20.28382
323,Donna,Ryan,39,dryan8y@rambler.ru,86-(950)772-5645,false,43.08333,129.76667
324,Anne,Rivera,20,arivera8z@google.cn,86-(498)398-2713,true,31.12443,108.29065
325,Phyllis,Richardson,54,prichardson90@foxnews.com,63-(599)481-9306,true,7.60778,125.96639
326,Edward,Castillo,29,ecastillo91@ed.gov,359-(148)284-9475,false,41.98333,24.08333
327,Diane,Grant,32,dgrant92@miitbeian.gov.cn,54-(369)862-9469,true,-26.53743,-59.34158
328,Virginia,Bennett,25,vbennett93@businesswire.com,86-(822)724-1544,false,29.74481,122.10896
329,Dorothy,Taylor,47,dtaylor94@dagondesign.com,62-(744)336-2888,true,-8.7418,116.4607
330,Joe,Thomas,44,jthomas95@go.com,7-(232)693-2727,false,53.25209,34.37167
331,Howard,Long,41,hlong96@foxnews.com,48-(939)537-4899,false,49.82791,21.99772
332,Joan,Young,20,jyoung97@bravesites.com,994-(163)412-9269,false,41.63671,48.43028
333,Albert,Ward,60,award98@ifeng.com,353-(367)603-9346,false,52.27042,-9.70264
334,Brian,Phillips,53,bphillips99@kickstarter.com,84-(772)955-4931,true,22.48556,103.97066
335,Mark,Peters,45,mpeters9a@unc.edu,86-(842)296-4999,false,26.44778,115.69697
336,Earl,Hill,27,ehill9b@xrea.com,62-(313)465-6522,true,-6.7706,111.719
337,Jeremy,Ryan,48,jryan9c@shutterfly.com,55-(972)713-4295,false,-20.7725,-49.71417
338,Robin,Cruz,47,rcruz9d@gmpg.org,62-(940)188-1170,false,-6.70687,111.23989
339,Ruby,Ortiz,32,rortiz9e@netlog.com,63-(713)554-9242,false,11.1619,124.005
340,Charles,Bennett,58,cbennett9f@behance.net,81-(353)168-2903,false,34.60359,138.21719
341,Deborah,Carr,56,dcarr9g@dropbox.com,7-(750)565-8481,true,55.0881,82.6551
342,Amy,Stone,36,astone9h@infoseek.co.jp,81-(415)282-6051,true,32.9,130.68333
343,Todd,Lane,45,tlane9i@bloglines.com,249-(582)194-0619,true,13.18421,30.21669
344,Helen,Weaver,56,hweaver9j@wikipedia.org,63-(812)228-3164,false,8.95722,125.39944
345,Justin,Ruiz,57,jruiz9k@free.fr,358-(490)719-8508,true,63.6,22.8
346,Louise,Alvarez,21,lalvarez9l@dailymail.co.uk,351-(809)224-3003,true,40.7417,-7.8083
347,David,Mitchell,37,dmitchell9m@amazonaws.com,62-(856)206-0542,true,5.07942,96.76486
348,Shawn,Alexander,24,salexander9n@adobe.com,33-(142)674-1123,true,48.9,2.45
349,Dennis,Carroll,48,dcarroll9o@fotki.com,27-(366)245-2542,false,-30.99766,26.32862
350,Brian,Harvey,58,bharvey9p@google.com.au,52-(691)917-4470,true,19.7608,-96.6072
351,Jimmy,Matthews,32,jmatthews9q@admin.ch,44-(927)874-2508,true,51.4238,-0.2037
352,Dorothy,Green,43,dgreen9r@delicious.com,260-(865)648-5075,true,-8.84024,31.36587
353,Jesse,Phillips,35,jphillips9s@deviantart.com,86-(585)560-2932,false,30.88699,115.75182
354,Doris,Wood,50,dwood9t@imageshack.us,63-(624)293-5027,true,11.3303,124.1146
355,Ruby,Turner,58,rturner9u@icq.com,62-(112)700-6590,true,-8.6331,116.4463
356,Jose,Castillo,39,jcastillo9v@ehow.com,63-(135)981-2771,true,17.59694,120.37361
357,Jessica,Garza,48,jgarza9w@networksolutions.com,351-(635)592-4994,false,40.85,-7.95
358,Christine,Holmes,50,cholmes9x@domainmarket.com,86-(684)777-0471,false,23.08201,113.21824
359,Howard,Carroll,38,hcarroll9y@stanford.edu,62-(718)374-1868,false,-8.3311,122.9988
360,Kelly,Wheeler,57,kwheeler9z@google.com,7-(284)184-7954,true,52.45861,44.21689
361,Angela,Hicks,43,ahicksa0@barnesandnoble.com,84-(815)167-6949,false,8.99214,105.19602
362,Amy,Hansen,41,ahansena1@sohu.com,374-(740)489-2810,false,40.5534,44.9069
363,Louise,Wright,43,lwrighta2@51.la,502-(791)949-5783,true,15.6835,-91.81952
364,Ruth,Carpenter,51,rcarpentera3@livejournal.com,237-(636)986-0711,true,4.51667,12.03333
365,Douglas,Pierce,22,dpiercea4@wordpress.org,31-(635)351-7505,false,52.3567,6.6625
366,Donald,Morrison,30,dmorrisona5@rambler.ru,84-(675)880-0170,false,13.19682,108.69042
367,Steve,Nelson,22,snelsona6@hubpages.com,236-(538)356-0440,true,6.31933,16.37992
368,Jane,Garza,45,jgarzaa7@example.com,267-(919)914-9968,false,-22.59701,27.63006
369,Carl,Jordan,58,cjordana8@feedburner.com,880-(691)283-4093,false,24.31988,90.16943
370,Jimmy,Lawson,43,jlawsona9@oracle.com,357-(250)841-5431,true,35.10022,33.86155
371,Harry,Nelson,29,hnelsonaa@google.co.jp,351-(687)989-3222,false,41.5208,-7.6458
372,Jose,Morgan,41,jmorganab@prnewswire.com,48-(634)250-2119,true,50.98464,23.1742
373,Dorothy,Matthews,43,dmatthewsac@hibu.com,55-(764)914-9189,false,-23.21139,-46.82833
374,Betty,Johnson,24,bjohnsonad@zimbio.com,55-(676)219-0704,false,-23.79722,-52.26917
375,Fred,Simpson,22,fsimpsonae@ihg.com,1-(316)956-0008,false,37.6379,-97.2613
376,Shirley,Ward,31,swardaf@google.pl,1-(913)244-0945,false,38.8999,-94.832
377,Dennis,Little,59,dlittleag@google.ru,1-(481)102-9508,true,18.48847,-69.85707
378,Jose,Stephens,27,jstephensah@youtube.com,54-(247)608-7271,false,-30.043,-57.8202
379,Jason,Kennedy,50,jkennedyai@hexun.com,46-(384)524-5119,true,59.592,15.2304
380,Jonathan,Gilbert,53,jgilbertaj@slideshare.net,81-(331)771-9887,true,36.18333,139.71667
381,Philip,Johnson,32,pjohnsonak@naver.com,63-(972)622-0410,true,13.7218,123.5781
382,Janice,Castillo,44,jcastilloal@wp.com,7-(801)703-2469,true,43.51118,44.58821
383,Marie,Sims,56,msimsam@europa.eu,63-(748)677-9144,true,17.02305,121.77834
384,Pamela,Wagner,56,pwagneran@cyberchimps.com,976-(474)757-4616,true,48.00556,91.64194
385,Frank,Rose,21,froseao@delicious.com,48-(202)448-1385,false,50.93247,19.2738
386,Anne,Peters,20,apetersap@ebay.co.uk,51-(630)121-0611,true,-14.42139,-72.91194
387,Karen,Howell,60,khowellaq@imageshack.us,86-(396)343-4736,true,39.04396,117.31014
388,Bonnie,Black,45,bblackar@wikia.com,86-(538)514-7634,true,19.76101,109.85187
389,Clarence,Jenkins,44,cjenkinsas@ycombinator.com,86-(352)774-5634,false,41.44244,82.86096
390,Gary,Stanley,53,gstanleyat@google.fr,380-(140)750-4758,false,48.27937,24.36042
391,Julia,Harris,58,jharrisau@last.fm,54-(876)685-1417,true,-53.78769,-67.70946
392,Roy,Bennett,25,rbennettav@artisteer.com,32-(138)463-0845,false,50.5082,3.5937
393,Alice,Gordon,40,agordonaw@sina.com.cn,86-(545)332-8238,false,29.64007,116.81353
394,Ernest,Hicks,57,ehicksax@usatoday.com,51-(723)303-9890,true,-11.91333,-76.53833
395,Martin,Harper,44,mharperay@dropbox.com,48-(386)699-1357,false,51.68288,19.4028
396,Christopher,Fields,60,cfieldsaz@issuu.com,44-(635)514-0041,false,54.23017,-4.39985
397,Andrea,Jordan,44,ajordanb0@topsy.com,7-(624)797-2310,false,47.81228,38.90731
398,Patricia,Bailey,32,pbaileyb1@dedecms.com,33-(536)802-8288,false,48.8835,2.3219
399,Elizabeth,Burton,35,eburtonb2@time.com,66-(955)949-2118,true,16.8687,102.56642
400,Judy,Hughes,40,jhughesb3@sakura.ne.jp,86-(398)473-4241,true,38.04737,114.04847
401,Adam,Knight,60,aknightb4@bbc.co.uk,7-(875)198-8984,false,60.15328,59.95205
402,Marilyn,Mccoy,60,mmccoyb5@soundcloud.com,241-(711)893-9337,false,-3.43198,10.6554
403,Larry,Parker,31,lparkerb6@mac.com,1-(865)187-4887,true,49.71671,-113.41857
404,Alice,Gomez,48,agomezb7@parallels.com,86-(754)409-4066,true,23.35278,112.89639
405,Thomas,Boyd,34,tboydb8@noaa.gov,63-(172)177-6018,true,10.02,126.03833
406,Ralph,Stephens,25,rstephensb9@cisco.com,251-(977)946-3191,true,8.96667,37.76667
407,Philip,Robertson,33,probertsonba@simplemachines.org,226-(796)742-0591,false,14.0354,-0.0345
408,Henry,Flores,51,hfloresbb@bbc.co.uk,57-(659)906-5196,true,6.65149,-74.05734
409,Diana,Gordon,55,dgordonbc@arstechnica.com,886-(349)604-0225,true,25.12825,121.7419
410,Steve,Hawkins,39,shawkinsbd@pbs.org,62-(417)262-3102,true,-7.54595,112.23307
411,Helen,Gardner,25,hgardnerbe@youtu.be,86-(506)514-4588,false,33.65333,106.04972
412,Brian,Reyes,56,breyesbf@discuz.net,234-(313)293-7654,true,5.89405,5.67666
413,Kelly,Evans,34,kevansbg@parallels.com,62-(109)659-8435,false,-8.0332,111.9303
414,Scott,Franklin,41,sfranklinbh@theatlantic.com,48-(549)437-9925,false,50.28682,19.10385
415,Jessica,Lane,55,jlanebi@youtube.com,7-(289)806-6587,false,55.42094,56.55426
416,Gerald,Green,40,ggreenbj@typepad.com,86-(133)984-8497,false,34.58244,109.83845
417,Marilyn,Ray,56,mraybk@taobao.com,62-(141)398-2420,false,-6.3636,106.1193
418,Amy,Oliver,21,aoliverbl@github.io,7-(648)313-9945,false,49.63574,72.86164
419,Shawn,Garza,20,sgarzabm@trellian.com,81-(859)726-5408,false,34.48047,134.17017
420,Nancy,Henderson,55,nhendersonbn@newyorker.com,46-(339)698-4943,false,58.7097,13.8237
421,Albert,Greene,55,agreenebo@techcrunch.com,54-(130)341-8530,false,-28.13306,-58.76733
422,Anthony,Miller,42,amillerbp@sina.com.cn,63-(852)700-3813,false,11.14694,125.665
423,Elizabeth,Freeman,26,efreemanbq@scribd.com,358-(476)303-6418,true,60.87283,22.98512
424,Justin,Holmes,38,jholmesbr@jugem.jp,63-(969)372-2199,false,8.58889,124.77556
425,Patricia,James,48,pjamesbs@google.nl,86-(293)311-3088,false,31.47252,121.18447
426,Jean,Armstrong,46,jarmstrongbt@xinhuanet.com,54-(311)579-1037,false,-31.73197,-60.5238
427,Donald,Nelson,56,dnelsonbu@cocolog-nifty.com,380-(311)598-5626,false,49.04894,33.24106
428,Craig,Thomas,40,cthomasbv@wikipedia.org,62-(993)260-5784,true,-8.58,116.374
429,Wayne,Gordon,36,wgordonbw@cdc.gov,86-(187)563-9580,false,23.71618,112.06936
430,Rebecca,Parker,46,rparkerbx@rakuten.co.jp,351-(750)237-3916,true,41.825,-8.7208
431,Amy,Thomas,59,athomasby@ovh.net,249-(589)376-4288,true,13.41667,34.63333
432,Susan,Jordan,47,sjordanbz@e-recht24.de,976-(598)853-6288,true,48.9,89.61667
433,Richard,Coleman,51,rcolemanc0@github.io,1-(282)681-6031,true,13.1,-59.61667
434,Daniel,Evans,57,devansc1@si.edu,244-(102)476-5885,true,-12.43002,13.54677
435,Nancy,Wells,34,nwellsc2@psu.edu,62-(422)122-4006,true,-7.068,108.8647
436,Louis,Cook,45,lcookc3@privacy.gov.au,7-(582)541-8788,false,62.6706,131.16344
437,Craig,Perkins,28,cperkinsc4@fema.gov,95-(442)711-3281,false,24.25256,97.23357
438,Billy,Palmer,23,bpalmerc5@infoseek.co.jp,358-(536)313-2063,false,60.58333,22.9
439,Brian,Wilson,59,bwilsonc6@exblog.jp,63-(603)632-4039,false,11.7196,122.316
440,Lois,Stevens,53,lstevensc7@buzzfeed.com,261-(363)758-8791,false,-18.91368,47.53613
441,Robert,Rose,40,rrosec8@unicef.org,55-(849)888-2314,true,-15.91694,-46.10556
442,Anna,Woods,20,awoodsc9@miibeian.gov.cn,53-(469)680-9194,true,23.13028,-82.35306
443,Michael,Hall,22,mhallca@about.com,62-(413)511-2467,false,-8.3482,114.2281
444,Matthew,Diaz,31,mdiazcb@netvibes.com,86-(431)919-5883,false,29.33535,116.99552
445,Annie,Gilbert,59,agilbertcc@illinois.edu,52-(833)512-6743,false,20.3305,-97.3931
446,Russell,Ellis,24,relliscd@mayoclinic.com,54-(752)229-0793,false,-31.64731,-60.3748
447,Mildred,Bradley,52,mbradleyce@yellowpages.com,1-(318)865-7736,true,32.6076,-93.7526
448,Ronald,Ramos,26,rramoscf@mashable.com,86-(367)727-6916,false,26.90863,118.56713
449,Edward,Elliott,30,eelliottcg@hp.com,506-(936)918-6774,false,9.85014,-85.32924
450,Diane,Gray,38,dgraych@mayoclinic.com,86-(217)898-5140,false,38.45602,114.89112
451,Samuel,Rodriguez,40,srodriguezci@nsw.gov.au,251-(263)386-9915,false,11.56838,41.43869
452,Jose,Cook,59,jcookcj@wunderground.com,86-(746)145-1801,false,41.73028,125.55639
453,Phyllis,Reed,20,preedck@theglobeandmail.com,86-(410)760-9827,true,41.99083,122.82528
454,Denise,Stone,22,dstonecl@rakuten.co.jp,86-(602)861-2617,false,23.73477,114.24831
455,Lawrence,Andrews,58,landrewscm@yahoo.com,62-(205)943-5853,false,-6.9766,113.6334
456,Ruby,Fowler,44,rfowlercn@huffingtonpost.com,212-(197)959-8275,true,33.38,-7.14
457,Helen,Cook,31,hcookco@barnesandnoble.com,382-(886)587-4988,false,42.42067,18.76825
458,Jimmy,Ramirez,32,jramirezcp@123-reg.co.uk,86-(404)715-9213,true,45.95,121.86667
459,Clarence,Weaver,30,cweavercq@wix.com,687-(752)707-3676,false,-20.56667,164.28333
460,Patricia,Greene,40,pgreenecr@twitpic.com,57-(557)843-3096,false,3.17301,-76.26275
461,Charles,Wright,41,cwrightcs@people.com.cn,264-(568)310-9066,false,-19.23333,17.71667
462,Adam,Reed,32,areedct@hibu.com,86-(332)312-2883,true,27.05167,119.28111
463,Denise,Hicks,33,dhickscu@behance.net,966-(808)932-5912,true,26.57332,50.03694
464,Ashley,Henry,22,ahenrycv@foxnews.com,1-(319)335-8550,true,42.0794,-91.5992
465,Richard,Evans,56,revanscw@360.cn,232-(846)242-8580,false,7.87917,-10.78778
466,Paula,Torres,24,ptorrescx@123-reg.co.uk,48-(242)407-9781,false,51.72134,21.96493
467,Marilyn,Palmer,39,mpalmercy@drupal.org,51-(746)802-6252,true,-10.75,-77.76667
468,Maria,Ellis,44,melliscz@angelfire.com,84-(543)474-5761,true,11.58153,108.07642
469,Mark,Richards,56,mrichardsd0@ucla.edu,86-(687)135-9967,true,29.28984,115.81463
470,Marie,Medina,60,mmedinad1@eventbrite.com,7-(267)147-3959,false,51.71324,54.80146
471,Anthony,Price,55,apriced2@ftc.gov,62-(169)122-5355,true,-8.3828,124.1307
472,Jeremy,Sullivan,21,jsullivand3@angelfire.com,1-(145)438-0359,true,49.20678,-122.91092
473,Julie,Scott,55,jscottd4@umn.edu,61-(214)237-5840,true,-12.15681,96.82251
474,Debra,Johnson,33,djohnsond5@slideshare.net,505-(966)386-9677,true,11.67859,-84.70269
475,Jimmy,Webb,35,jwebbd6@telegraph.co.uk,86-(988)615-5322,false,29.62974,118.43188
476,Jean,Ruiz,24,jruizd7@barnesandnoble.com,86-(910)329-8066,false,25.006,115.02667
477,Howard,Romero,54,hromerod8@samsung.com,1-(621)734-4756,true,45.61685,-61.99858
478,Ryan,Myers,27,rmyersd9@mapy.cz,234-(217)736-4229,true,5.1264,8.1898
479,Jimmy,Morales,57,jmoralesda@freewebs.com,63-(694)570-6980,true,14.0934,122.7862
480,Mary,Martinez,49,mmartinezdb@acquirethisname.com,30-(970)400-0645,true,39.5,22.88333
481,Carlos,Gordon,29,cgordondc@yandex.ru,63-(205)156-9577,false,8.96889,125.945
482,Judy,Wells,25,jwellsdd@hugedomains.com,7-(178)952-3920,true,64.52322,34.7668
483,Jessica,Payne,36,jpaynede@mysql.com,62-(569)426-3050,true,-8.6953,118.8384
484,Frances,Burton,45,fburtondf@g.co,86-(297)458-8821,true,38.99036,117.5091
485,Patricia,Robertson,46,probertsondg@arizona.edu,31-(309)333-4401,false,51.8867,5.4292
486,Phyllis,Stephens,41,pstephensdh@sbwire.com,506-(592)822-0316,false,10.01625,-84.21163
487,Nicholas,Weaver,28,nweaverdi@freewebs.com,62-(753)185-9901,false,-6.842,111.356
488,Marie,Anderson,30,mandersondj@npr.org,86-(774)238-3074,true,32.27845,111.45617
489,Angela,Gilbert,20,agilbertdk@cbsnews.com,55-(277)760-3299,false,-4.82778,-42.16861
490,Judith,Holmes,44,jholmesdl@over-blog.com,1-(701)675-0554,true,46.9346,-97.2297
491,Daniel,Young,58,dyoungdm@printfriendly.com,63-(567)341-0999,false,6.45417,124.8725
492,Betty,Sims,42,bsimsdn@liveinternet.ru,372-(781)347-1735,true,59.39697,27.76331
493,Lawrence,Olson,27,lolsondo@vkontakte.ru,992-(628)440-9154,false,37.58823,68.65886
494,Ashley,Fox,40,afoxdp@is.gd,62-(790)728-5062,true,-8.5098,115.2654
495,Doris,Sanders,57,dsandersdq@csmonitor.com,62-(666)459-8114,true,-8.203,114.9535
496,Jack,Fernandez,48,jfernandezdr@google.fr,46-(370)160-7974,true,58.2837,12.2886
497,Brandon,Hall,50,bhallds@wired.com,62-(587)119-0588,false,-6.936,112.8633
498,Heather,Richardson,45,hrichardsondt@multiply.com,63-(847)114-7011,true,10.39972,124.73889
499,Jonathan,Martin,22,jmartindu@deliciousdays.com,62-(329)264-5337,true,-7.3301,108.4014
500,Marilyn,Baker,23,mbakerdv@booking.com,33-(828)826-7858,false,44.8325,-0.6338
501,Joan,Coleman,37,jcolemandw@slideshare.net,86-(943)485-4757,false,24.3883,102.55197
502,Lillian,Hernandez,20,lhernandezdx@va.gov,62-(979)868-1624,true,-8.1196,111.8076
503,Maria,Gutierrez,50,mgutierrezdy@discovery.com,63-(639)481-1860,true,7.2838,125.8535
504,Lawrence,Howard,32,lhowarddz@google.com,62-(688)177-2606,true,-7.2302,106.6626
505,Rebecca,Matthews,39,rmatthewse0@alibaba.com,229-(443)151-0245,true,7.17826,2.0667
506,Anthony,Butler,53,abutlere1@twitter.com,972-(577)663-8439,false,32.05971,34.8732
507,Patricia,Greene,49,pgreenee2@noaa.gov,7-(201)612-6217,true,53.7038,40.1109
508,Robert,Boyd,28,rboyde3@craigslist.org,86-(728)829-4208,true,28.36818,117.29607
509,Kathy,Ward,29,kwarde4@nhs.uk,62-(526)497-9890,true,-6.8036,106.3304
510,Mary,Fowler,46,mfowlere5@unicef.org,355-(750)921-1703,false,40.26778,19.66917
511,Ruth,Brooks,57,rbrookse6@odnoklassniki.ru,62-(292)503-1816,false,-8.0344,113.7806
512,Brenda,Welch,24,bwelche7@salon.com,689-(757)851-1379,false,-17.76667,-149.41667
513,Amy,Jordan,28,ajordane8@cbsnews.com,62-(336)745-6321,true,-7.0331,107.9841
514,Kevin,Price,47,kpricee9@loc.gov,62-(395)240-3994,true,-6.8771,111.7834
515,Kevin,Allen,37,kallenea@jiathis.com,63-(752)935-8255,true,9.12556,124.67556
516,Mildred,Rice,29,mriceeb@webs.com,7-(543)386-3858,true,52.27056,104.44583
517,Nancy,Hicks,49,nhicksec@fda.gov,86-(950)135-4560,true,25.88639,111.50083
518,Michelle,Rose,52,mroseed@illinois.edu,62-(633)930-4609,true,-7.3082,112.7802
519,Joshua,Gomez,40,jgomezee@sun.com,86-(124)892-2513,true,30.51722,112.38389
520,Elizabeth,Bennett,48,ebennettef@bluehost.com,7-(728)682-5862,true,55.60564,31.19673
521,Jerry,Ross,59,jrosseg@taobao.com,93-(595)399-4298,false,35.58408,63.32886
522,Robert,Rice,52,rriceeh@nyu.edu,86-(831)408-1456,false,39.6086,109.78157
523,Russell,Jenkins,31,rjenkinsei@edublogs.org,7-(205)590-8902,true,52.42895,47.21048
524,Ernest,Wheeler,34,ewheelerej@tuttocitta.it,880-(549)146-4774,false,24.38044,91.413
525,Katherine,Collins,47,kcollinsek@google.cn,351-(704)740-4948,true,41.5111,-8.2778
526,Theresa,Evans,41,tevansel@wired.com,52-(596)582-5067,false,23.9031,-99.2167
527,Alan,Harvey,40,aharveyem@123-reg.co.uk,1-(283)317-7081,false,51.22999,-101.3565
528,Marilyn,Simmons,40,msimmonsen@imgur.com,62-(751)191-4570,false,-8.0766,112.3404
529,Andrea,Dunn,42,adunneo@networksolutions.com,84-(795)924-7807,true,22.54433,103.29776
530,Jane,Rogers,32,jrogersep@cnet.com,86-(470)361-7824,false,22.74628,113.81903
531,Willie,Dunn,51,wdunneq@weather.com,20-(180)198-2825,true,31.2163,34.11074
532,Peter,Baker,22,pbakerer@netvibes.com,353-(351)333-8135,true,53.10389,-6.55361
533,Beverly,Ramirez,30,bramirezes@storify.com,62-(444)933-9527,true,-1.13612,103.84988
534,Terry,Woods,41,twoodset@usa.gov,57-(245)837-9060,true,4.33646,-74.36378
535,Earl,Bryant,53,ebryanteu@wikia.com,48-(914)636-9535,false,51.02871,18.42304
536,Katherine,Green,25,kgreenev@newyorker.com,33-(220)722-4489,true,48.9188,2.254
537,Shawn,Reynolds,32,sreynoldsew@tuttocitta.it,52-(468)108-3132,false,27.4175,-110.0155
538,Helen,Parker,49,hparkerex@oakley.com,55-(175)670-2473,true,-23.02639,-45.55528
539,Lois,Pierce,29,lpierceey@pcworld.com,51-(872)660-5347,true,-7.81667,-78.41667
540,Phyllis,Diaz,28,pdiazez@php.net,7-(884)260-5573,true,51.84861,41.46056
541,Andrew,Spencer,53,aspencerf0@washington.edu,51-(185)146-6412,true,-9.52491,-77.15681
542,Joshua,White,30,jwhitef1@ifeng.com,63-(887)183-4179,false,15.9902,119.8828
543,Henry,Watson,33,hwatsonf2@mysql.com,48-(371)670-2261,true,50.50589,16.73986
544,Frances,Shaw,42,fshawf3@mail.ru,52-(250)124-1717,true,18.3942,-100.5351
545,Cheryl,Meyer,27,cmeyerf4@instagram.com,52-(339)112-7952,false,24.0173,-98.9885
546,Carl,Spencer,55,cspencerf5@mashable.com,255-(977)484-2158,false,-7.91446,39.66204
547,Edward,Jackson,26,ejacksonf6@163.com,380-(833)362-5353,false,48.47092,24.94678
548,Wanda,Nelson,36,wnelsonf7@alexa.com,86-(281)143-1692,false,23.62306,112.55979
549,Doris,Mendoza,32,dmendozaf8@g.co,994-(492)493-4765,true,40.7552,48.39104
550,John,Ray,44,jrayf9@fotki.com,7-(415)665-1681,false,56.77513,51.93098
551,Jean,Ferguson,34,jfergusonfa@psu.edu,46-(405)791-9670,true,55.3751,13.1569
552,Randy,Day,30,rdayfb@bloglovin.com,57-(350)925-2750,true,10.74846,-75.10776
553,Charles,Parker,54,cparkerfc@miibeian.gov.cn,86-(527)159-5077,false,51.33761,121.4893
554,Andrea,Morris,54,amorrisfd@webmd.com,32-(378)333-2597,false,50.8466,4.3528
555,Terry,Hanson,55,thansonfe@nsw.gov.au,503-(824)561-4326,false,13.38333,-88.5
556,Helen,Richardson,52,hrichardsonff@wix.com,62-(746)826-6475,false,-0.27393,116.99835
557,Ashley,Lawson,23,alawsonfg@amazon.com,54-(832)831-2693,false,-31.82508,-60.51749
558,Jessica,Reid,42,jreidfh@reddit.com,54-(491)741-8443,true,-27.48706,-55.11994
559,Edward,Cunningham,30,ecunninghamfi@sourceforge.net,51-(765)337-7427,false,-6.3,-78.73333
560,Nicholas,Bradley,21,nbradleyfj@zimbio.com,33-(682)562-3188,true,43.8817,4.8549
561,Laura,Gonzalez,43,lgonzalezfk@state.tx.us,242-(548)274-9119,false,-5.49573,22.26962
562,Keith,Morrison,26,kmorrisonfl@nationalgeographic.com,1-(161)393-9602,true,18.76278,-69.25681
563,Ann,Lane,49,alanefm@nytimes.com,48-(647)978-1524,false,49.99626,19.07278
564,Ralph,Richardson,46,rrichardsonfn@cafepress.com,86-(962)985-2941,false,32.59026,105.23343
565,Juan,Ramos,52,jramosfo@123-reg.co.uk,359-(123)866-2462,true,42.26667,27.76667
566,Anna,Miller,53,amillerfp@pbs.org,54-(822)691-8279,false,-35.4323,-60.17271
567,Joe,Perez,27,jperezfq@dagondesign.com,86-(953)227-1844,true,31.27642,120.86762
568,Fred,Carter,38,fcarterfr@cisco.com,93-(461)474-9953,false,34.94023,61.77589
569,Paul,Jones,37,pjonesfs@ucoz.com,81-(684)534-3491,false,34.05,131.56667
570,Jessica,Jacobs,52,jjacobsft@disqus.com,62-(147)384-6169,true,-7.1849,111.5817
571,Fred,Gilbert,36,fgilbertfu@quantcast.com,53-(559)381-4363,false,22.34175,-80.27028
572,Keith,Chavez,25,kchavezfv@moonfruit.com,48-(837)348-4931,true,52.32127,20.97204
573,Helen,Cook,60,hcookfw@opensource.org,994-(890)127-7143,true,39.99096,46.92736
574,Nicole,Gordon,34,ngordonfx@house.gov,86-(759)468-8650,false,27.31944,110.10306
575,Jose,Hanson,55,jhansonfy@ucoz.com,66-(904)699-6635,false,12.62137,102.0048
576,Billy,Castillo,30,bcastillofz@google.ru,86-(545)653-9409,false,22.96382,112.11067
577,Katherine,Berry,42,kberryg0@godaddy.com,66-(266)651-4052,false,14.90598,105.07836
578,Clarence,Harris,37,charrisg1@mlb.com,31-(866)862-3669,true,52.2733,5.1611
579,Jonathan,King,44,jkingg2@t.co,55-(454)414-9946,false,-12.89444,-38.32722
580,Steve,Hunt,47,shuntg3@bravesites.com,62-(785)131-1707,false,-9.528,124.1693
581,Jennifer,Barnes,34,jbarnesg4@patch.com,689-(519)540-1479,false,-17.49613,-149.87291
582,Bruce,Bennett,31,bbennettg5@census.gov,962-(704)605-6201,true,32.33385,35.75238
583,Wayne,Patterson,20,wpattersong6@t.co,86-(738)368-7624,true,25.02466,116.58014
584,Craig,Armstrong,56,carmstrongg7@ft.com,57-(377)570-3582,false,3.75024,-74.92932
585,Lori,Ellis,21,lellisg8@trellian.com,86-(913)603-6142,true,39.83333,97.73333
586,Janet,Russell,60,jrussellg9@ibm.com,387-(949)524-2955,true,44.76547,19.28667
587,Robert,Mitchell,41,rmitchellga@networksolutions.com,86-(918)516-1709,false,29.28984,115.81463
588,Daniel,Hansen,30,dhansengb@chron.com,54-(725)819-8976,true,-35.38633,-64.28092
589,Roger,Grant,21,rgrantgc@posterous.com,86-(474)166-3119,true,30.30955,110.47855
590,Deborah,Wright,29,dwrightgd@gmpg.org,62-(749)675-3674,true,-8.7843,120.4706
591,Howard,Russell,28,hrussellge@ycombinator.com,62-(597)139-2282,false,-8.2725,123.3991
592,Bonnie,Allen,58,ballengf@scribd.com,86-(719)102-6964,false,28.11711,107.26672
593,Eugene,Roberts,25,erobertsgg@elegantthemes.com,86-(196)940-2835,false,30.98928,119.9848
594,Cheryl,Dean,42,cdeangh@ycombinator.com,386-(529)242-5180,false,45.57861,13.73611
595,Timothy,Collins,52,tcollinsgi@flickr.com,56-(273)847-4782,false,-32.83369,-70.59827
596,Joshua,Ford,23,jfordgj@vinaora.com,261-(891)858-6713,false,-19.86586,47.03333
597,Diana,Lee,22,dleegk@e-recht24.de,86-(532)526-6378,false,26.45,114.76667
598,Ronald,Lynch,52,rlynchgl@nymag.com,62-(246)767-5056,false,-7.3531,108.1217
599,Lori,Walker,39,lwalkergm@archive.org,7-(473)737-4605,true,56.85796,40.53692
600,Patricia,Brooks,27,pbrooksgn@gnu.org,351-(947)304-0762,true,41.575,-8.2917
601,Jacqueline,Moore,59,jmoorego@yelp.com,48-(280)608-3834,false,52.01975,20.36702
602,Frank,Cox,46,fcoxgp@mashable.com,52-(530)274-0660,false,20.7981,-102.5445
603,Jack,Welch,34,jwelchgq@microsoft.com,216-(937)208-0609,false,33.88146,10.0982
604,Sean,Long,36,slonggr@devhub.com,420-(441)343-6495,false,50.37009,13.79473
605,Howard,Moreno,53,hmorenogs@google.it,86-(430)448-6301,false,24.87982,116.72388
606,Jeffrey,Bishop,60,jbishopgt@huffingtonpost.com,86-(776)289-3208,false,46.89623,124.20302
607,Christine,Rice,56,cricegu@ca.gov,880-(301)161-8601,false,25.67419,89.05377
608,Jose,Harper,48,jharpergv@ameblo.jp,33-(469)785-0975,true,43.9483,4.8089
609,Sara,Carpenter,38,scarpentergw@cmu.edu,86-(609)665-1988,false,30.93312,108.58813
610,Brandon,Snyder,37,bsnydergx@china.com.cn,55-(426)165-0229,false,-22.53611,-55.72556
611,Frances,Garza,50,fgarzagy@hibu.com,48-(295)325-9677,false,51.79991,15.7689
612,Dorothy,Henderson,56,dhendersongz@state.gov,420-(976)611-8442,true,49.54873,18.33759
613,Linda,Martinez,25,lmartinezh0@slashdot.org,84-(315)985-5046,true,16.06068,108.23256
614,Helen,Wells,21,hwellsh1@homestead.com,57-(961)350-6495,false,9.9832,-75.30155
615,Carolyn,Grant,58,cgranth2@slashdot.org,33-(614)928-0188,false,43.8333,4.35
616,Edward,Stone,53,estoneh3@linkedin.com,1-(596)130-7508,false,19.2866,-81.37436
617,Jonathan,Thomas,43,jthomash4@istockphoto.com,48-(265)757-1032,false,52.7873,14.49346
618,Jeffrey,Mendoza,37,jmendozah5@house.gov,374-(436)442-6330,false,40.25196,44.63928
619,Gary,Schmidt,31,gschmidth6@senate.gov,62-(900)874-5540,false,-6.995,112.5642
620,Fred,Castillo,40,fcastilloh7@blinklist.com,1-(585)524-7547,true,43.286,-77.6843
621,Michael,Gomez,42,mgomezh8@auda.org.au,63-(220)874-0116,true,10.9054,123.9704
622,Ralph,Hart,27,rharth9@howstuffworks.com,352-(571)543-1831,false,49.83583,6.29167
623,Marilyn,Williams,47,mwilliamsha@networkadvertising.org,359-(627)926-3420,true,42.98333,25.63333
624,Donna,Lopez,47,dlopezhb@csmonitor.com,55-(775)437-2363,false,-22.07444,-48.74028
625,Elizabeth,Castillo,39,ecastillohc@loc.gov,86-(560)391-1212,true,25.55478,119.41991
626,Frank,Nelson,44,fnelsonhd@yahoo.co.jp,1-(667)973-1649,true,18.468,-77.53633
627,Sarah,Fox,43,sfoxhe@amazon.co.jp,46-(336)349-0290,true,58.8799,14.9023
628,Angela,Freeman,38,afreemanhf@imdb.com,1-(872)713-8420,false,43.1334,-80.34967
629,Janice,Howard,38,jhowardhg@vinaora.com,63-(460)663-4798,true,13.4463,121.84
630,Kathleen,Hawkins,45,khawkinshh@vistaprint.com,66-(516)302-9420,false,14.47418,100.12218
631,Russell,Johnson,34,rjohnsonhi@ezinearticles.com,420-(605)629-1926,true,50.5835,15.41248
632,Martin,Lewis,46,mlewishj@economist.com,33-(446)598-1040,true,45.9,6.1167
633,Teresa,Gonzalez,28,tgonzalezhk@dmoz.org,66-(753)894-7852,true,14.61073,103.07923
634,Jeremy,Olson,20,jolsonhl@theatlantic.com,380-(652)191-0910,true,48.17732,32.66015
635,Nicole,Cox,55,ncoxhm@sourceforge.net,242-(720)905-2385,false,-4.77609,11.86352
636,Amanda,Peters,51,apetershn@istockphoto.com,86-(786)885-4371,false,33.93624,105.21625
637,Stephanie,Alvarez,24,salvarezho@weibo.com,57-(780)722-5386,true,3.46263,-73.62162
638,Joe,Owens,41,jowenshp@state.tx.us,30-(264)141-3889,true,38.07762,22.63166
639,Ernest,Fox,50,efoxhq@clickbank.net,1-(304)876-5444,false,38.4134,-82.2774
640,Shirley,Stevens,35,sstevenshr@jigsy.com,86-(877)672-1365,false,24.74178,115.52278
641,Maria,Kim,39,mkimhs@rediff.com,86-(552)608-9585,false,40.30594,123.28549
642,Ernest,Adams,37,eadamsht@businessinsider.com,20-(987)532-5078,false,30.9616,31.24069
643,Paula,Ryan,35,pryanhu@sitemeter.com,58-(834)646-5913,true,10.45397,-64.18256
644,Laura,Moore,55,lmoorehv@free.fr,66-(873)315-1059,false,13.15515,101.37226
645,Frances,Price,49,fpricehw@eepurl.com,48-(876)764-5805,true,52.92401,20.96732
646,Wayne,Cooper,27,wcooperhx@ox.ac.uk,234-(735)143-7501,true,11.76969,8.43033
647,Irene,Tucker,38,ituckerhy@istockphoto.com,86-(979)992-4829,false,24.58917,115.41447
648,Kathryn,Ross,44,krosshz@sourceforge.net,84-(728)307-8268,true,12.97908,108.89732
649,Nancy,Stewart,48,nstewarti0@nps.gov,86-(711)507-9148,false,37.01144,115.76967
650,Jesse,Ruiz,60,jruizi1@nature.com,54-(876)211-5610,true,-27.60816,-61.34441
651,Marie,Lynch,45,mlynchi2@microsoft.com,359-(158)577-6261,false,42.13333,24.93333
652,Katherine,Fisher,57,kfisheri3@goo.gl,86-(584)299-0090,false,19.80755,109.34539
653,Dennis,Perry,47,dperryi4@dyndns.org,82-(918)310-1062,false,37.01083,127.27028
654,Matthew,Mcdonald,20,mmcdonaldi5@baidu.com,54-(291)690-5527,true,-31.29458,-64.29538
655,Stephen,Sullivan,34,ssullivani6@seattletimes.com,48-(791)791-0718,true,53.45198,17.53169
656,Nicole,Watson,33,nwatsoni7@unblog.fr,53-(933)163-9064,false,20.56284,-76.92122
657,Anne,Jacobs,20,ajacobsi8@umn.edu,86-(572)503-6687,true,28.28591,120.9483
658,Norma,Miller,40,nmilleri9@biblegateway.com,86-(616)859-6238,false,47.22308,126.45256
659,Julia,Hamilton,42,jhamiltonia@people.com.cn,86-(689)277-7670,true,44.32597,85.62009
660,Tammy,Rodriguez,32,trodriguezib@nih.gov,86-(441)719-1661,false,29.31329,95.30741
661,William,Spencer,28,wspenceric@state.tx.us,86-(950)470-4482,true,29.84978,119.27838
662,Sarah,Martinez,46,smartinezid@sitemeter.com,86-(498)965-7740,false,27.70047,114.46992
663,Christine,King,34,ckingie@gizmodo.com,86-(113)349-7358,false,42.87973,128.03049
664,Jack,Fox,48,jfoxif@nba.com,595-(358)559-9179,false,-25.7,-56.4
665,William,Ray,43,wrayig@gov.uk,81-(501)742-8034,false,33.73333,135.98333
666,Charles,Foster,41,cfosterih@auda.org.au,48-(944)597-6396,true,52.04072,18.91786
667,Louise,Davis,28,ldavisii@weather.com,33-(387)842-5930,true,44.9333,4.9
668,Todd,Black,24,tblackij@spiegel.de,86-(192)329-4903,false,33.90019,112.87657
669,Bruce,Scott,50,bscottik@gmpg.org,351-(700)482-4837,true,66.47852,62.41897
670,Tina,Thomas,31,tthomasil@printfriendly.com,62-(873)791-9869,true,-7.1272,111.7028
671,Robert,Martinez,27,rmartinezim@ucoz.com,33-(183)930-4712,false,43.1167,1.6
672,Kenneth,Watkins,40,kwatkinsin@oakley.com,48-(403)281-1440,true,49.96701,20.71979
673,Sean,Brooks,51,sbrooksio@dyndns.org,62-(378)216-8395,true,-10.1663,123.5777
674,Peter,Hansen,31,phansenip@ning.com,86-(652)652-9815,false,39.61765,116.48949
675,Keith,Ward,57,kwardiq@e-recht24.de,54-(210)545-6691,true,-26.78522,-60.43876
676,Jennifer,Montgomery,33,jmontgomeryir@hud.gov,49-(391)809-0127,false,50.0024,8.2148
677,Martin,Fuller,22,mfulleris@intel.com,351-(388)688-8126,false,38.7167,-9.3333
678,Frank,Simmons,26,fsimmonsit@google.it,53-(394)528-1914,false,21.85155,-78.12005
679,Jimmy,Gutierrez,22,jgutierreziu@paypal.com,33-(789)243-8532,false,47.2167,2.0833
680,Terry,Mccoy,48,tmccoyiv@tripod.com,244-(818)963-7121,true,-12.77611,15.73917
681,Beverly,Hawkins,58,bhawkinsiw@alexa.com,381-(900)664-1549,true,43.01417,22.77556
682,James,Watson,58,jwatsonix@posterous.com,62-(223)701-1789,false,-8.3828,124.1307
683,Donna,Little,57,dlittleiy@nifty.com,62-(915)948-9675,true,-7.486,108.8217
684,Donald,Gutierrez,60,dgutierreziz@bbb.org,66-(745)142-7190,false,15.54783,103.02467
685,Phillip,Walker,22,pwalkerj0@sun.com,27-(912)167-5966,false,-29.20824,29.9946
686,Christine,Gonzalez,47,cgonzalezj1@bloglines.com,33-(176)356-8317,false,44.8084,-0.5481
687,Jack,Fuller,50,jfullerj2@mozilla.com,63-(760)742-1877,false,15.08672,120.76991
688,Charles,Gomez,22,cgomezj3@people.com.cn,48-(752)814-9902,true,50.14952,18.84215
689,Teresa,Bryant,44,tbryantj4@bbc.co.uk,57-(785)714-5165,true,5.72722,-71.99472
690,Jessica,Gilbert,22,jgilbertj5@thetimes.co.uk,86-(573)948-5978,false,29.13717,110.40925
691,Sean,Cunningham,32,scunninghamj6@digg.com,86-(466)195-5513,true,24.15908,114.93989
692,Judith,Rice,44,jricej7@github.io,54-(535)626-3600,true,-36.64074,-57.79174
693,Amanda,Nichols,28,anicholsj8@psu.edu,7-(803)377-5817,true,43.21222,44.82306
694,John,Daniels,27,jdanielsj9@sun.com,63-(146)689-6261,true,10.81028,122.54472
695,Donald,White,42,dwhiteja@bigcartel.com,86-(936)846-8904,true,20.80931,110.19364
696,Keith,Perez,21,kperezjb@studiopress.com,63-(935)903-1094,false,9.52806,125.48556
697,Antonio,Evans,26,aevansjc@sphinn.com,504-(944)210-5216,true,15.3,-88.41667
698,Laura,Meyer,31,lmeyerjd@sogou.com,95-(541)395-4535,false,22.03501,96.45683
699,John,Lawrence,33,jlawrenceje@istockphoto.com,86-(878)367-7271,true,31.40015,112.03379
700,Andrea,West,46,awestjf@barnesandnoble.com,58-(956)157-3110,true,10.57806,-62.29772
701,Margaret,Wagner,57,mwagnerjg@1und1.de,62-(227)845-4375,false,-8.5067,115.2298
702,Edward,Parker,22,eparkerjh@blinklist.com,86-(629)271-9635,false,32.58231,119.99926
703,Evelyn,Howard,28,ehowardji@twitpic.com,48-(880)395-1843,false,54.21416,21.52282
704,Kathryn,Banks,31,kbanksjj@hao123.com,355-(700)305-8070,false,41.34972,19.71028
705,Heather,Ross,60,hrossjk@acquirethisname.com,86-(516)794-3565,false,18.30835,109.32676
706,Gloria,Rivera,52,griverajl@tiny.cc,1-(804)198-8824,true,37.5242,-77.4932
707,Randy,Henry,40,rhenryjm@usatoday.com,52-(698)858-1764,false,20.9658,-101.5583
708,Timothy,Hansen,57,thansenjn@boston.com,86-(210)605-9382,true,28.01731,120.66595
709,Heather,Graham,24,hgrahamjo@printfriendly.com,66-(310)663-5050,false,13.17372,100.93111
710,Frank,Pierce,52,fpiercejp@ebay.co.uk,54-(793)338-4841,false,-39.23686,-70.9197
711,Kathleen,Stevens,58,kstevensjq@addthis.com,352-(456)643-5838,true,49.65278,6.14139
712,Mary,Fernandez,58,mfernandezjr@alexa.com,60-(409)320-4861,false,2.2115,102.241
713,Brenda,Ward,45,bwardjs@japanpost.jp,55-(195)858-8311,false,-12.18528,-43.22056
714,Joyce,Bowman,55,jbowmanjt@usda.gov,62-(713)934-6303,true,-8.5666,116.5751
715,Gerald,Ramos,59,gramosju@opera.com,57-(116)565-4783,false,5.17282,-72.54706
716,Catherine,Bell,49,cbelljv@scientificamerican.com,598-(336)628-6412,true,-33.50719,-57.80079
717,Steven,West,60,swestjw@umn.edu,62-(467)842-5893,true,-8.816,120.3027
718,Eric,Owens,38,eowensjx@php.net,298-(967)438-3959,true,62.09726,-7.3577
719,Christine,Sims,24,csimsjy@bandcamp.com,62-(390)295-9291,true,-3.169,114.683
720,Bobby,Mcdonald,29,bmcdonaldjz@networkadvertising.org,267-(383)905-0681,true,-23.48333,27.11667
721,Samuel,Wallace,20,swallacek0@surveymonkey.com,63-(388)862-8679,true,15.7574,121.5503
722,Julia,Stewart,47,jstewartk1@noaa.gov,251-(103)398-9147,false,9.02497,38.74689
723,Emily,Welch,60,ewelchk2@ucoz.com,351-(794)600-8064,false,40.6222,-8.4944
724,Willie,Gardner,50,wgardnerk3@senate.gov,86-(600)739-6394,true,22.90306,111.7636
725,Kathryn,Tucker,45,ktuckerk4@wsj.com,48-(643)907-0373,true,50.85922,19.2162
726,Ralph,Schmidt,42,rschmidtk5@jiathis.com,62-(305)714-3564,true,-6.7457,111.13
727,Larry,Fernandez,54,lfernandezk6@51.la,66-(410)213-7482,true,7.89059,98.3981
728,Keith,Mills,34,kmillsk7@elpais.com,7-(423)204-5547,false,55.82958,37.61604
729,Wanda,White,52,wwhitek8@weibo.com,86-(206)577-8461,true,32.5141,111.07718
730,Ronald,Mason,20,rmasonk9@nationalgeographic.com,591-(634)184-0456,false,-20.93333,-64.9
731,Andrew,Berry,51,aberryka@psu.edu,357-(827)568-9577,false,34.72606,33.13872
732,Nicholas,Ford,33,nfordkb@mac.com,48-(858)649-1892,true,50.22492,21.63036
733,Joseph,Bradley,43,jbradleykc@yellowpages.com,46-(627)539-2219,false,58.3912,13.8451
734,John,Greene,36,jgreenekd@vistaprint.com,1-(835)137-4029,false,48.5168,-72.23244
735,Lori,Bowman,45,lbowmanke@booking.com,1-(215)950-4934,false,39.9379,-75.1794
736,Bruce,Morgan,45,bmorgankf@linkedin.com,54-(462)302-5733,false,-27.05413,-65.40329
737,Janet,Edwards,45,jedwardskg@mit.edu,33-(289)315-3572,false,49.0389,2.077
738,Stephanie,Mason,21,smasonkh@sakura.ne.jp,62-(621)138-9204,false,-5.14095,105.3752
739,Christopher,Sims,39,csimski@patch.com,970-(757)472-0724,true,31.609,35.03455
740,Robert,Rodriguez,41,rrodriguezkj@shop-pro.jp,351-(258)620-6628,false,40.8667,-8.4875
741,Teresa,Rodriguez,27,trodriguezkk@mayoclinic.com,62-(263)242-1969,false,-6.8954,113.5713
742,Raymond,Thompson,32,rthompsonkl@yelp.com,33-(291)271-5837,true,48.8709,2.3561
743,Janet,King,31,jkingkm@example.com,55-(121)946-8732,false,-21.22778,-50.86833
744,Frances,Bennett,59,fbennettkn@ask.com,389-(944)630-6105,false,41.46139,21.05444
745,Joyce,Jenkins,40,jjenkinsko@phoca.cz,7-(825)693-8500,true,58.52131,31.27104
746,Philip,Dixon,54,pdixonkp@spotify.com,30-(706)905-2921,false,37.4,24.95
747,Robert,Torres,46,rtorreskq@altervista.org,972-(727)367-6189,false,32.06012,34.91069
748,Diana,Myers,31,dmyerskr@craigslist.org,62-(691)167-3971,false,-7.4109,108.4482
749,David,Garza,59,dgarzaks@latimes.com,86-(730)533-3334,false,31.72158,93.81854
750,Alan,Allen,53,aallenkt@vinaora.com,66-(219)366-6365,true,13.69276,102.50128
751,Bonnie,Nichols,49,bnicholsku@redcross.org,63-(412)149-5584,true,10.1476,123.6953
752,Justin,Tucker,46,jtuckerkv@gmpg.org,1-(991)521-0458,true,45.68338,-73.43246
753,Mark,Webb,34,mwebbkw@bloomberg.com,62-(233)220-2208,false,-10.621,123.2637
754,Alan,Romero,54,aromerokx@theatlantic.com,33-(154)975-4409,false,47.6167,7.25
755,John,Frazier,58,jfrazierky@e-recht24.de,33-(762)498-9672,false,48.2833,6.95
756,Dorothy,Hart,56,dhartkz@ustream.tv,86-(926)218-6815,false,23.60255,102.83092
757,Dennis,Garrett,47,dgarrettl0@flickr.com,62-(537)411-3888,false,-8.263,117.7961
758,Nicholas,Stevens,53,nstevensl1@guardian.co.uk,62-(596)348-6332,true,-7.0052,111.512
759,Sharon,Powell,36,spowelll2@sourceforge.net,47-(544)264-8221,true,58.8524,5.7352
760,Keith,Jacobs,47,kjacobsl3@nifty.com,62-(409)416-2762,false,-7.95222,110.34861
761,Christina,Schmidt,31,cschmidtl4@altervista.org,62-(828)487-2940,true,-8.3207,123.4638
762,Angela,Fisher,57,afisherl5@theatlantic.com,63-(902)976-0058,false,14.56522,121.61786
763,Kathleen,Cruz,52,kcruzl6@qq.com,44-(340)371-2349,false,52.5749,-0.6676
764,Michael,Edwards,39,medwardsl7@yahoo.co.jp,86-(464)948-7222,true,33.27234,112.84408
765,Clarence,Reynolds,30,creynoldsl8@a8.net,1-(314)762-5627,true,45.36678,-73.56588
766,Sean,Carpenter,49,scarpenterl9@berkeley.edu,33-(433)105-1537,true,48.8944,2.4093
767,Laura,Owens,59,lowensla@artisteer.com,92-(538)158-0384,true,30.72917,66.66083
768,Susan,Simpson,24,ssimpsonlb@nih.gov,351-(318)992-5038,false,38.0167,-7.8667
769,Willie,Bishop,43,wbishoplc@wiley.com,55-(102)328-6641,true,-0.61361,-47.35611
770,Bruce,Banks,56,bbanksld@github.io,51-(289)781-7968,true,-9.58333,-77.81667
771,Daniel,Sims,20,dsimsle@nbcnews.com,387-(539)937-6355,false,44.44929,18.64978
772,Kenneth,Thomas,26,kthomaslf@state.gov,81-(579)733-7641,true,42.975,144.37472
773,Phyllis,Henderson,55,phendersonlg@nationalgeographic.com,55-(502)508-9647,false,-8.11278,-35.01472
774,Ruby,Wheeler,23,rwheelerlh@com.com,62-(350)292-0652,true,-8.17036,112.66275
775,Craig,Bryant,37,cbryantli@phpbb.com,1-(619)977-3220,false,33.0169,-116.846
776,Margaret,Sanders,20,msanderslj@google.com.au,385-(876)127-7106,false,45.1975,19.26
777,Benjamin,Weaver,25,bweaverlk@sourceforge.net,49-(754)881-2233,true,51.4421,6.8982
778,Jeffrey,Fox,35,jfoxll@amazon.co.uk,7-(507)642-8422,false,54.06853,45.08633
779,Andrea,Chapman,41,achapmanlm@statcounter.com,86-(297)261-1220,false,28.13042,115.19035
780,Raymond,Allen,47,rallenln@ow.ly,242-(117)560-4671,true,-3.01728,16.92238
781,Harold,Franklin,22,hfranklinlo@cisco.com,7-(944)320-3447,false,50.3741,103.2863
782,Stephanie,Carr,56,scarrlp@etsy.com,81-(397)912-5998,false,36.67012,136.7403
783,Jerry,Russell,26,jrusselllq@cnn.com,66-(775)314-0846,true,18.14589,100.14103
784,Matthew,Campbell,21,mcampbelllr@dedecms.com,351-(574)359-5654,true,41.675,-7
785,Shirley,Rivera,23,sriverals@bloglovin.com,86-(883)221-9904,true,30.29111,120.22021
786,Carolyn,Greene,50,cgreenelt@narod.ru,351-(231)887-9677,false,45.78321,35.74865
787,Eric,Alexander,53,ealexanderlu@indiatimes.com,45-(147)351-1660,true,55.6794,12.5346
788,Michael,Hughes,37,mhugheslv@51.la,380-(968)578-6177,false,48.14135,23.02666
789,Ryan,Henderson,34,rhendersonlw@illinois.edu,351-(458)648-7861,false,40.2208,-8.4542
790,David,Fowler,33,dfowlerlx@last.fm,86-(324)375-9210,true,23.50778,112.825
791,Diana,Ortiz,57,dortizly@vkontakte.ru,212-(190)176-7993,false,32.50093,-6.69062
792,Nicole,Foster,50,nfosterlz@epa.gov,86-(730)979-3445,false,39.17402,117.15746
793,William,Wood,46,wwoodm0@stumbleupon.com,81-(961)517-0118,true,36.38333,140.53333
794,Raymond,Wilson,59,rwilsonm1@seesaa.net,256-(701)354-1411,false,-0.62602,30.43594
795,Rachel,Castillo,47,rcastillom2@who.int,81-(288)334-3970,false,33.28662,134.16832
796,Paula,Clark,30,pclarkm3@cornell.edu,57-(279)609-4554,true,5.17282,-72.54706
797,Victor,Gray,43,vgraym4@merriam-webster.com,223-(748)629-4637,false,22.67443,-3.97891
798,Elizabeth,Stevens,22,estevensm5@lycos.com,62-(862)559-9751,false,1.5538,101.0152
799,Kenneth,Dean,45,kdeanm6@wired.com,64-(654)761-9260,false,-40.63333,175.275
800,Richard,Powell,26,rpowellm7@shinystat.com,98-(537)512-4481,true,36.57352,52.01382
801,Carl,Webb,52,cwebbm8@bravesites.com,55-(680)300-4172,true,-13.255,-43.41806
802,Melissa,Hawkins,40,mhawkinsm9@friendfeed.com,86-(288)923-8695,true,29.32175,117.15026
803,Sarah,Thomas,41,sthomasma@indiatimes.com,20-(107)217-2003,false,29.81667,31.05
804,Diane,Fox,48,dfoxmb@bing.com,57-(434)591-4448,false,4.72342,-76.11909
805,Paula,Johnson,32,pjohnsonmc@comsenz.com,994-(222)341-7833,true,40.58972,49.66861
806,Mark,Garrett,25,mgarrettmd@t.co,47-(490)532-0767,true,59.8855,10.7983
807,Carol,Davis,29,cdavisme@cisco.com,420-(858)418-3569,false,49.87042,17.87842
808,Kevin,Bishop,29,kbishopmf@fastcompany.com,48-(654)502-9160,false,51.2784,17.98908
809,Evelyn,Jackson,33,ejacksonmg@spiegel.de,86-(951)284-5412,true,23.24212,111.5284
810,Heather,Bryant,39,hbryantmh@usatoday.com,92-(415)621-7350,false,30.16667,72.65
811,Steven,Garcia,48,sgarciami@cnbc.com,20-(366)489-6230,false,28.23638,33.6254
812,Thomas,Garrett,42,tgarrettmj@psu.edu,963-(320)564-3178,true,33.45759,36.30419
813,Louise,Holmes,59,lholmesmk@usa.gov,62-(851)467-2044,true,-8.2816,124.7128
814,Julie,Owens,22,jowensml@parallels.com,63-(207)566-2221,true,7.5413,125.7553
815,Howard,Richardson,57,hrichardsonmm@scribd.com,420-(420)364-1237,true,49.38519,14.6848
816,Melissa,Stanley,35,mstanleymn@umich.edu,976-(589)380-2231,true,43.65595,105.75577
817,Craig,Jones,57,cjonesmo@nps.gov,358-(117)256-7092,true,60.41699,24.31965
818,Carol,Fowler,44,cfowlermp@intel.com,63-(322)310-3043,false,13.24167,121.95555
819,Jennifer,Jones,43,jjonesmq@unblog.fr,351-(549)415-6907,true,41.4,-8.6333
820,Judith,Lawrence,47,jlawrencemr@mail.ru,1-(973)207-8683,true,50.72372,-121.28207
821,Kathleen,Rose,47,krosems@reverbnation.com,86-(806)109-1030,true,48,122.71667
822,Walter,Lewis,46,wlewismt@telegraph.co.uk,7-(325)685-2985,true,57.62987,39.87368
823,Ryan,Morris,43,rmorrismu@cdc.gov,86-(611)218-1296,true,42.88719,120.67466
824,Ruby,Nichols,51,rnicholsmv@dyndns.org,86-(915)772-2716,true,27.70806,110.14194
825,George,Campbell,22,gcampbellmw@bigcartel.com,48-(983)498-2165,false,53.26244,17.25574
826,Judith,Cunningham,21,jcunninghammx@livejournal.com,57-(276)598-1194,false,9.79029,-74.78244
827,Benjamin,James,57,bjamesmy@deviantart.com,972-(337)855-0759,false,32.81034,35.26009
828,Rebecca,Garrett,53,rgarrettmz@techcrunch.com,389-(603)119-3781,false,41.57722,21
829,Janice,Adams,40,jadamsn0@mlb.com,86-(176)431-8339,true,38.8636,114.77186
830,Joyce,Patterson,45,jpattersonn1@dailymotion.com,62-(244)178-3813,false,-7.159,108.1477
831,Michael,Mason,43,mmasonn2@who.int,55-(917)413-3068,true,-14.09306,-46.36944
832,Albert,Garza,39,agarzan3@slideshare.net,54-(750)238-7461,true,-54.8,-68.3
833,Evelyn,Alexander,40,ealexandern4@wikispaces.com,420-(442)334-5714,false,49.79158,17.86556
834,Lawrence,Harrison,28,lharrisonn5@dot.gov,86-(311)400-9918,false,39.08472,117.33556
835,Janet,Ruiz,22,jruizn6@auda.org.au,86-(222)924-6045,false,30.70508,108.96809
836,Ruth,Lee,24,rleen7@qq.com,504-(829)680-5209,true,15.48333,-84.33333
837,Linda,Gomez,49,lgomezn8@nhs.uk,1-(150)502-0082,false,18.31326,-77.90252
838,Judith,Mills,21,jmillsn9@cornell.edu,62-(901)334-1519,false,-8.2852,112.3885
839,Jack,Elliott,38,jelliottna@cloudflare.com,86-(749)446-9126,true,46.47198,126.05248
840,Anne,Snyder,52,asnydernb@theatlantic.com,92-(429)845-6538,false,30.76629,74.12311
841,Matthew,Marshall,60,mmarshallnc@ucoz.ru,420-(683)478-4819,false,49.08135,13.95842
842,Jacqueline,Perkins,29,jperkinsnd@bizjournals.com,358-(882)883-3120,true,64.16667,25.96667
843,Martin,Harper,58,mharperne@geocities.jp,994-(444)188-8805,true,40.55611,50.00556
844,Juan,Russell,35,jrussellnf@toplist.cz,963-(265)810-2669,true,33.07227,36.18382
845,Jason,James,20,jjamesng@dot.gov,380-(674)240-5688,false,47.07971,29.85753
846,Rebecca,Lewis,58,rlewisnh@weebly.com,86-(238)949-3581,false,38.4526,114.58758
847,Helen,Franklin,20,hfranklinni@cyberchimps.com,504-(298)955-6229,true,14.56667,-88.86667
848,Betty,Johnston,50,bjohnstonnj@springer.com,62-(341)499-3174,true,-9.687,124.4804
849,Christine,Harper,34,charpernk@taobao.com,62-(540)618-0612,true,-8.0934,112.463
850,Evelyn,Miller,59,emillernl@cdc.gov,55-(883)196-8274,false,-21.01111,-40.83389
851,Ann,Stanley,47,astanleynm@blogspot.com,55-(149)138-4326,false,-12.89444,-38.32722
852,Jean,Flores,28,jfloresnn@yellowbook.com,62-(143)271-8761,true,-7.2324,108.1252
853,Adam,Tucker,23,atuckerno@de.vu,55-(728)752-2787,true,-14.78556,-39.28028
854,Daniel,Griffin,43,dgriffinnp@indiatimes.com,54-(573)598-0449,true,-38.72423,-68.15284
855,Teresa,Perez,56,tpereznq@xinhuanet.com,7-(746)716-7725,false,58.52444,59.07278
856,Daniel,Ramirez,46,dramireznr@edublogs.org,86-(831)804-9242,true,35.70694,117.92639
857,Norma,Diaz,57,ndiazns@netlog.com,66-(432)344-5445,false,16.44184,100.34879
858,Roger,Perez,59,rpereznt@digg.com,62-(719)690-9615,false,-8.6748,122.266
859,Sandra,Thompson,24,sthompsonnu@about.com,58-(574)843-0731,false,9.53727,-68.6296
860,Roy,Jacobs,45,rjacobsnv@clickbank.net,86-(531)896-1348,false,23.3231,112.18762
861,Barbara,Rodriguez,21,brodrigueznw@joomla.org,505-(440)933-1566,true,11.85621,-86.21575
862,Samuel,Gray,53,sgraynx@paginegialle.it,7-(581)424-0804,true,60.34127,30.49551
863,Donna,Hughes,34,dhughesny@w3.org,98-(846)902-1296,false,36.0696,49.6959
864,Victor,Henderson,33,vhendersonnz@unesco.org,351-(370)879-6723,true,41.3067,-8.6367
865,Roger,Daniels,27,rdanielso0@chronoengine.com,226-(123)832-4871,false,12.07305,1.78838
866,Eric,James,32,ejameso1@newsvine.com,66-(553)501-5158,false,16.82481,100.25858
867,Jimmy,Coleman,27,jcolemano2@blogger.com,63-(218)295-0713,true,10.692,123.0608
868,Juan,Fisher,59,jfishero3@intel.com,599-(316)943-7740,true,12.13333,-68.26667
869,Arthur,Scott,42,ascotto4@indiegogo.com,7-(522)776-6290,false,64.571,30.57667
870,Lillian,Bradley,27,lbradleyo5@zdnet.com,972-(611)738-4850,true,31.96236,35.06553
871,Margaret,Sanders,31,msanderso6@pcworld.com,66-(487)828-7718,true,17.4897,104.10056
872,Matthew,Young,48,myoungo7@drupal.org,66-(645)806-9621,false,12.66644,100.90073
873,Anna,Roberts,48,arobertso8@photobucket.com,216-(528)697-0189,false,35.57244,8.67031
874,Julie,Young,35,jyoungo9@wikipedia.org,86-(863)643-1886,true,37.22317,100.41617
875,Diana,Kennedy,53,dkennedyoa@bigcartel.com,7-(787)186-8265,true,63.45642,48.89891
876,Samuel,Porter,33,sporterob@123-reg.co.uk,86-(682)372-9979,true,25.31139,118.16333
877,Kathryn,Baker,38,kbakeroc@youtu.be,62-(634)210-6426,false,-8.3263,123.1107
878,Dennis,Anderson,39,dandersonod@army.mil,52-(465)890-0288,false,16.9963,-100.0901
879,Deborah,Sims,57,dsimsoe@nature.com,385-(232)865-6580,true,46.33611,16.14944
880,Anne,Reed,40,areedof@omniture.com,351-(986)123-5417,true,38.075,-8.7792
881,Heather,Thompson,37,hthompsonog@webmd.com,62-(726)132-5634,true,-8.1947,114.9181
882,Mark,Wallace,27,mwallaceoh@facebook.com,7-(321)215-5539,false,58.1288,55.5352
883,Craig,Fernandez,24,cfernandezoi@arizona.edu,86-(367)298-9731,true,30.45046,119.80652
884,Harry,Ortiz,31,hortizoj@clickbank.net,30-(453)304-8582,false,38.4,23.8
885,Jesse,Smith,25,jsmithok@statcounter.com,86-(982)330-8949,false,28.43406,121.34017
886,Teresa,Shaw,44,tshawol@guardian.co.uk,62-(947)530-0089,false,-8.3653,113.4956
887,Louis,Dixon,35,ldixonom@bravesites.com,86-(541)642-9785,false,30.00899,119.90381
888,Cynthia,Oliver,56,coliveron@google.nl,62-(676)613-1911,false,-6.7429,106.0291
889,Carolyn,Berry,40,cberryoo@t-online.de,57-(955)668-9090,false,8.51158,-77.27718
890,Jose,Gonzales,44,jgonzalesop@blinklist.com,81-(728)659-6283,true,34.88333,136.85
891,Jessica,Hanson,56,jhansonoq@cnet.com,370-(152)401-0645,true,55.53333,26.33333
892,Brenda,Scott,56,bscottor@cbc.ca,380-(587)669-4932,true,50.46784,28.2713
893,Anne,Frazier,38,afrazieros@topsy.com,52-(193)633-3287,false,17.8701,-100.2556
894,Beverly,Lynch,47,blynchot@imdb.com,62-(865)884-0537,true,2.52582,96.33172
895,Sarah,Warren,37,swarrenou@imgur.com,355-(547)940-0634,false,40.71667,19.56667
896,Betty,Ferguson,45,bfergusonov@nbcnews.com,1-(475)453-4364,true,50.46678,-104.41778
897,Juan,Nelson,47,jnelsonow@vimeo.com,62-(430)868-6117,true,0.37102,108.97013
898,Jack,Dean,35,jdeanox@goodreads.com,374-(965)403-5654,false,39.83166,44.70489
899,Lisa,Hall,39,lhalloy@house.gov,86-(943)707-0410,false,25.48959,115.60825
900,Wayne,Armstrong,35,warmstrongoz@bing.com,7-(238)436-3523,false,55.63657,51.82447
901,Anthony,Olson,29,aolsonp0@lycos.com,33-(717)201-7106,false,43.2969,5.3811
902,Bonnie,Jackson,60,bjacksonp1@oaic.gov.au,226-(930)895-9478,false,14.0994,-1.62554
903,Harold,Burton,36,hburtonp2@angelfire.com,55-(943)178-3587,false,-7.07694,-41.46694
904,Sarah,Myers,48,smyersp3@paypal.com,62-(958)810-5831,true,-8.6212,116.4759
905,Charles,Nguyen,48,cnguyenp4@quantcast.com,351-(933)805-2685,true,38.7667,-9.2667
906,Louis,Greene,32,lgreenep5@indiatimes.com,351-(980)136-3674,true,39.0167,-7.0667
907,Bruce,Ramirez,23,bramirezp6@yahoo.com,385-(280)847-9325,true,44.8825,15.62028
908,Albert,Kelley,32,akelleyp7@paypal.com,60-(756)190-7429,true,5.3117,103.1199
909,Bonnie,Bowman,42,bbowmanp8@elpais.com,81-(153)342-7967,false,35.25,136.78333
910,James,Romero,23,jromerop9@arstechnica.com,351-(229)600-0461,true,41.2375,-8.5708
911,Philip,Oliver,21,poliverpa@cbsnews.com,86-(782)378-7440,true,31.65811,119.02772
912,Joan,Miller,40,jmillerpb@intel.com,66-(224)663-0225,false,19.03193,98.28767
913,Michelle,Fuller,31,mfullerpc@nsw.gov.au,57-(688)269-7735,true,5.16647,-75.76595
914,George,Hughes,39,ghughespd@auda.org.au,93-(888)687-1300,false,34.20011,70.27806
915,Adam,Kelley,23,akelleype@netvibes.com,385-(901)362-7213,false,45.78333,17.41667
916,Sean,Payne,23,spaynepf@eventbrite.com,53-(118)849-9568,false,21.24278,-77.82778
917,Arthur,Reynolds,39,areynoldspg@liveinternet.ru,86-(632)395-0043,true,25.86832,118.93366
918,Roger,Collins,28,rcollinsph@shareasale.com,267-(361)276-7401,false,-23.48333,27.11667
919,Betty,Reyes,20,breyespi@opensource.org,7-(848)202-7883,false,43.6625,43.53694
920,Annie,Anderson,21,aandersonpj@loc.gov,27-(989)295-1718,true,-26.1466,28.68322
921,Lois,Stanley,20,lstanleypk@bigcartel.com,86-(787)706-7456,false,23.33284,113.29198
922,Marilyn,Lynch,25,mlynchpl@reference.com,66-(154)120-9006,true,13.802,100.32111
923,Elizabeth,Thompson,28,ethompsonpm@mashable.com,355-(627)525-8406,false,40.83417,20.11194
924,Teresa,Williams,49,twilliamspn@dailymotion.com,51-(921)608-4960,false,-10.51667,-76.49861
925,Earl,Stanley,60,estanleypo@is.gd,7-(266)208-9474,true,55.5281,41.1053
926,Anthony,Allen,23,aallenpp@google.com.au,7-(872)749-2720,false,49.69244,75.58438
927,Earl,Wallace,32,ewallacepq@myspace.com,86-(281)314-0716,true,29.02443,116.0606
928,Helen,Richards,29,hrichardspr@japanpost.jp,255-(365)209-3118,false,-4.95,39.75
929,Jack,Hart,51,jhartps@businessweek.com,55-(558)794-1935,false,-22.41972,-44.29028
930,Ashley,Shaw,56,ashawpt@devhub.com,51-(736)980-8489,false,-14.33111,-72.11472
931,Adam,Gutierrez,42,agutierrezpu@yolasite.com,381-(866)953-5335,true,43.22278,22.03194
932,Carlos,Martinez,45,cmartinezpv@alibaba.com,63-(260)713-9211,true,6.00547,120.99406
933,Susan,Ramirez,24,sramirezpw@sakura.ne.jp,420-(961)711-6087,false,49.61975,18.47286
934,Timothy,Cole,53,tcolepx@intel.com,62-(339)389-3573,false,-3.7987,114.7788
935,Emily,Myers,60,emyerspy@ed.gov,86-(106)329-6881,true,40.93396,125.3333
936,Margaret,Graham,39,mgrahampz@uol.com.br,61-(413)863-9688,false,-33.8678,151.2073
937,Robin,Simpson,40,rsimpsonq0@msn.com,1-(329)191-0236,true,52.11679,-106.63452
938,George,Spencer,26,gspencerq1@home.pl,86-(146)634-8431,false,44.05317,85.37747
939,Richard,Fernandez,26,rfernandezq2@behance.net,55-(323)861-1388,true,-21.45667,-43.5525
940,Shirley,Austin,44,saustinq3@sphinn.com,86-(561)805-0669,false,30.96187,108.24327
941,Sarah,Ray,22,srayq4@163.com,504-(630)662-8285,false,14.15,-88.03333
942,Kelly,Cole,49,kcoleq5@is.gd,86-(762)444-0819,true,38.79312,101.08868
943,Cheryl,Harvey,20,charveyq6@woothemes.com,1-(812)152-1994,false,37.9971,-87.575
944,Roy,Lane,28,rlaneq7@theglobeandmail.com,51-(170)238-7705,true,-7.2,-78.33333
945,George,Hicks,21,ghicksq8@github.io,62-(132)681-1881,false,-8.1904,122.8251
946,Norma,Gonzales,57,ngonzalesq9@sourceforge.net,7-(804)999-6165,false,50.95,115.56667
947,Roy,Gilbert,41,rgilbertqa@etsy.com,27-(105)251-1341,false,-26.1466,28.68322
948,Donna,Peters,21,dpetersqb@mozilla.com,387-(429)248-0994,true,43.61781,19.36719
949,Philip,Woods,57,pwoodsqc@gov.uk,62-(794)792-6505,false,-8.616,115.1448
950,Edward,Washington,54,ewashingtonqd@mayoclinic.com,1-(718)599-3196,false,40.5973,-74.0768
951,Henry,Lawson,23,hlawsonqe@vkontakte.ru,81-(780)586-0940,false,36.59444,136.62556
952,David,Robertson,57,drobertsonqf@canalblog.com,86-(410)657-0322,true,21.88879,110.82218
953,John,Perkins,31,jperkinsqg@globo.com,55-(108)947-6693,true,-21.01111,-40.83389
954,Henry,Greene,48,hgreeneqh@soup.io,255-(948)137-5112,true,-4.81629,34.74358
955,Scott,Gordon,52,sgordonqi@devhub.com,351-(334)972-5562,true,41.0667,-8.6333
956,Benjamin,Olson,57,bolsonqj@usatoday.com,62-(672)556-5140,true,-7.4857,107.9158
957,Clarence,Black,22,cblackqk@admin.ch,62-(374)794-6870,false,-8.039,112.6429
958,Kimberly,Coleman,54,kcolemanql@vkontakte.ru,420-(502)693-8025,true,50.2125,16.26323
959,Edward,Allen,41,eallenqm@opensource.org,86-(941)416-1517,true,34.16014,107.75386
960,Jimmy,Wood,53,jwoodqn@telegraph.co.uk,1-(770)656-5892,false,33.8913,-84.0746
961,Ernest,Lee,41,eleeqo@ask.com,48-(686)813-9679,false,49.75915,19.48915
962,Jessica,Mason,44,jmasonqp@msu.edu,86-(773)629-1991,false,30.01963,106.82023
963,Justin,Shaw,36,jshawqq@imgur.com,63-(266)177-4677,true,8.2023,123.8582
964,Billy,Day,23,bdayqr@i2i.jp,84-(907)385-2594,false,10.18462,104.92959
965,Walter,Lawson,29,wlawsonqs@smugmug.com,86-(521)454-1614,true,24.72461,116.31368
966,Edward,Howell,48,ehowellqt@cnn.com,63-(237)199-1393,false,8.53153,126.24117
967,Juan,Jordan,47,jjordanqu@joomla.org,63-(706)742-7823,false,15.98505,120.26831
968,David,Kennedy,23,dkennedyqv@macromedia.com,86-(572)580-6524,true,31.19049,115.36038
969,Chris,Cook,57,ccookqw@independent.co.uk,62-(871)222-4321,true,-8.8559,121.6432
970,Todd,Hawkins,20,thawkinsqx@huffingtonpost.com,230-(444)955-9158,true,-20.25777,57.74976
971,Ernest,Nichols,50,enicholsqy@dagondesign.com,970-(519)695-3993,true,31.85069,35.11248
972,Laura,Owens,31,lowensqz@usnews.com,1-(467)224-2888,false,51.05011,-113.38523
973,Frances,Hayes,47,fhayesr0@google.com.au,33-(564)669-6028,false,47.2488,6.0182
974,Craig,Warren,21,cwarrenr1@msu.edu,86-(898)427-3462,false,28.71354,117.60138
975,Mary,Greene,52,mgreener2@posterous.com,381-(644)836-9288,false,45.93895,19.16709
976,Willie,Morrison,34,wmorrisonr3@arizona.edu,86-(299)866-1825,true,29.02495,118.53448
977,Kathleen,Ruiz,52,kruizr4@artisteer.com,86-(303)655-6735,false,30.02916,113.38583
978,Gloria,Jordan,59,gjordanr5@earthlink.net,62-(993)190-0327,false,-8.4906,115.1777
979,James,Peterson,41,jpetersonr6@nyu.edu,48-(251)493-7233,false,52.24961,19.01218
980,Christine,Murray,28,cmurrayr7@mit.edu,86-(625)692-7296,true,19.00301,110.05492
981,Craig,Payne,21,cpayner8@cnbc.com,86-(496)525-5302,false,29.28917,121.42472
982,Jane,Franklin,20,jfranklinr9@yolasite.com,55-(521)338-6655,false,-4.23116,-69.93858
983,Teresa,Wells,21,twellsra@zimbio.com,420-(314)322-4214,true,49.41094,16.63902
984,Johnny,Fisher,55,jfisherrb@nba.com,992-(410)734-3831,true,38.53575,68.77905
985,Frances,Thomas,41,fthomasrc@jimdo.com,86-(152)720-5004,false,24.35524,114.80325
986,Clarence,Grant,59,cgrantrd@usda.gov,54-(332)630-2410,true,-26.59926,-60.94617
987,Jose,Ruiz,44,jruizre@w3.org,995-(935)374-2061,false,42.09028,42.03239
988,Mildred,Cunningham,42,mcunninghamrf@nasa.gov,86-(341)326-4248,true,28.41491,120.83836
989,Elizabeth,Peters,55,epetersrg@msn.com,62-(724)682-2642,false,-7.0763,108.0525
990,Judy,Hernandez,51,jhernandezrh@zdnet.com,86-(359)630-3750,false,30.66879,120.78848
991,Mary,Hill,26,mhillri@webeden.co.uk,7-(125)434-0637,false,54.25617,37.6108
992,Gloria,James,48,gjamesrj@indiegogo.com,55-(892)105-5304,true,-10.6875,-37.86167
993,Ann,Cox,43,acoxrk@cnet.com,55-(468)987-4244,false,-24.65028,-50.85056
994,Henry,Miller,42,hmillerrl@msu.edu,81-(793)646-6008,true,34.19933,134.60932
995,George,Schmidt,58,gschmidtrm@devhub.com,41-(559)356-7083,false,46.9167,7.4667
996,Henry,Montgomery,37,hmontgomeryrn@canalblog.com,86-(915)449-1024,false,37.79413,120.87196
997,Jean,Weaver,53,jweaverro@zdnet.com,46-(434)564-8240,false,57.6554,12.0138
998,Victor,Reid,26,vreidrp@is.gd,86-(807)171-9423,true,29.15252,120.88088
999,Marilyn,Collins,27,mcollinsrq@ca.gov,62-(778)485-9650,true,-6.8005,111.1463
1000,Brandon,Murphy,26,bmurphyrr@bigcartel.com,86-(774)887-9348,true,33.90139,105.82194
